CREATE DATABASE  IF NOT EXISTS `MOCKSSO` /*!40100 DEFAULT CHARACTER SET utf8mb4 COLLATE utf8mb4_0900_ai_ci */ /*!80016 DEFAULT ENCRYPTION='N' */;
USE `MOCKSSO`;
-- MySQL dump 10.13  Distrib 8.0.36, for Linux (x86_64)
--
-- Host: localhost    Database: MOCKSSO
-- ------------------------------------------------------
-- Server version	9.5.0

/*!40101 SET @OLD_CHARACTER_SET_CLIENT=@@CHARACTER_SET_CLIENT */;
/*!40101 SET @OLD_CHARACTER_SET_RESULTS=@@CHARACTER_SET_RESULTS */;
/*!40101 SET @OLD_COLLATION_CONNECTION=@@COLLATION_CONNECTION */;
/*!50503 SET NAMES utf8 */;
/*!40103 SET @OLD_TIME_ZONE=@@TIME_ZONE */;
/*!40103 SET TIME_ZONE='+00:00' */;
/*!40014 SET @OLD_UNIQUE_CHECKS=@@UNIQUE_CHECKS, UNIQUE_CHECKS=0 */;
/*!40014 SET @OLD_FOREIGN_KEY_CHECKS=@@FOREIGN_KEY_CHECKS, FOREIGN_KEY_CHECKS=0 */;
/*!40101 SET @OLD_SQL_MODE=@@SQL_MODE, SQL_MODE='NO_AUTO_VALUE_ON_ZERO' */;
/*!40111 SET @OLD_SQL_NOTES=@@SQL_NOTES, SQL_NOTES=0 */;
SET @MYSQLDUMP_TEMP_LOG_BIN = @@SESSION.SQL_LOG_BIN;
SET @@SESSION.SQL_LOG_BIN= 0;

--
-- GTID state at the beginning of the backup 
--

SET @@GLOBAL.GTID_PURGED=/*!80000 '+'*/ '54c3d34d-d6d4-11f0-b4ac-76d83a3bf099:1-35';

--
-- Table structure for table `Departments`
--

DROP TABLE IF EXISTS `Departments`;
/*!40101 SET @saved_cs_client     = @@character_set_client */;
/*!50503 SET character_set_client = utf8mb4 */;
CREATE TABLE `Departments` (
  `ID` int NOT NULL,
  `name` varchar(50) NOT NULL,
  PRIMARY KEY (`ID`),
  UNIQUE KEY `name` (`name`)
) ENGINE=InnoDB DEFAULT CHARSET=utf8mb4 COLLATE=utf8mb4_0900_ai_ci;
/*!40101 SET character_set_client = @saved_cs_client */;

--
-- Dumping data for table `Departments`
--

LOCK TABLES `Departments` WRITE;
/*!40000 ALTER TABLE `Departments` DISABLE KEYS */;
INSERT INTO `Departments` VALUES (4,'Hr'),(2,'Information Technology'),(3,'Legal'),(1,'Sales');
/*!40000 ALTER TABLE `Departments` ENABLE KEYS */;
UNLOCK TABLES;

--
-- Table structure for table `Employee`
--

DROP TABLE IF EXISTS `Employee`;
/*!40101 SET @saved_cs_client     = @@character_set_client */;
/*!50503 SET character_set_client = utf8mb4 */;
CREATE TABLE `Employee` (
  `id` int NOT NULL AUTO_INCREMENT,
  `userID` int NOT NULL,
  `first_name` varchar(50) NOT NULL,
  `last_name` varchar(50) NOT NULL,
  `title` varchar(50) NOT NULL,
  `department` int NOT NULL,
  `email` varchar(50) DEFAULT NULL,
  `location` int NOT NULL,
  PRIMARY KEY (`id`),
  UNIQUE KEY `userID` (`userID`),
  UNIQUE KEY `email` (`email`),
  KEY `fk_Employee_1_idx` (`department`),
  KEY `fk_Employee_2_idx` (`location`),
  CONSTRAINT `Employee_ibfk_1` FOREIGN KEY (`userID`) REFERENCES `Users` (`userID`),
  CONSTRAINT `fk_Employee_1` FOREIGN KEY (`department`) REFERENCES `Departments` (`ID`),
  CONSTRAINT `fk_Employee_2` FOREIGN KEY (`location`) REFERENCES `Locations` (`id`)
) ENGINE=InnoDB AUTO_INCREMENT=1007 DEFAULT CHARSET=utf8mb4 COLLATE=utf8mb4_0900_ai_ci;
/*!40101 SET character_set_client = @saved_cs_client */;

--
-- Dumping data for table `Employee`
--

LOCK TABLES `Employee` WRITE;
/*!40000 ALTER TABLE `Employee` DISABLE KEYS */;
INSERT INTO `Employee` VALUES (2,2,'Kasper','Gasnell','Sales Agent',1,'Kasper.Gasnell@BuzzwordSolutions.com',2),(3,3,'Kennan','Duckworth','Developer',2,'Kennan.Duckworth@BuzzwordSolutions.com',2),(4,4,'Lauren','Chambers','Developer',2,'Lauren.Chambers@BuzzwordSolutions.com',2),(5,5,'Ardys','Picton','Developer',2,'Ardys.Picton@BuzzwordSolutions.com',2),(6,6,'Brand','Napolitano','Developer',2,'Brand.Napolitano@BuzzwordSolutions.com',2),(7,7,'Vevay','Petch','Developer',2,'Vevay.Petch@BuzzwordSolutions.com',1),(8,8,'Prudi','Jaume','Aide',3,'Prudi.Jaume@BuzzwordSolutions.com',3),(9,9,'Basil','Stennings','Developer',2,'Basil.Stennings@BuzzwordSolutions.com',3),(10,10,'Harlene','Casaccia','Developer',2,'Harlene.Casaccia@BuzzwordSolutions.com',2),(11,11,'Briana','Pitceathly','Developer',2,'Briana.Pitceathly@BuzzwordSolutions.com',3),(12,12,'Temp','Wilsdon','Developer',2,'Temp.Wilsdon@BuzzwordSolutions.com',3),(13,13,'Lee','Ewert','Developer',2,'Lee.Ewert@BuzzwordSolutions.com',2),(14,14,'Theodora','Furphy','Aide',3,'Theodora.Furphy@BuzzwordSolutions.com',2),(15,15,'Farr','Savage','Sales Agent',1,'Farr.Savage@BuzzwordSolutions.com',3),(16,16,'Agnola','Arran','Developer',2,'Agnola.Arran@BuzzwordSolutions.com',2),(17,17,'Laurianne','Cadd','Developer',2,'Laurianne.Cadd@BuzzwordSolutions.com',2),(18,18,'Riane','Sproson','Developer',2,'Riane.Sproson@BuzzwordSolutions.com',3),(19,19,'Udall','Pickrell','Sales Agent',1,'Udall.Pickrell@BuzzwordSolutions.com',2),(20,20,'Margit','Filipczynski','Developer',2,'Margit.Filipczynski@BuzzwordSolutions.com',5),(21,21,'Camile','Macklam','Developer',2,'Camile.Macklam@BuzzwordSolutions.com',2),(22,22,'Vaughn','Youings','Developer',2,'Vaughn.Youings@BuzzwordSolutions.com',2),(23,23,'Renee','Zecchii','Developer',2,'Renee.Zecchii@BuzzwordSolutions.com',4),(24,24,'Ken','Cregin','Sales Agent',1,'Ken.Cregin@BuzzwordSolutions.com',2),(25,25,'Dukie','Winckles','Developer',2,'Dukie.Winckles@BuzzwordSolutions.com',2),(26,26,'Alwin','Blasio','Developer',2,'Alwin.Blasio@BuzzwordSolutions.com',4),(27,27,'Margaux','Jerok','Developer',2,'Margaux.Jerok@BuzzwordSolutions.com',2),(28,28,'Cary','Helbeck','Developer',2,'Cary.Helbeck@BuzzwordSolutions.com',2),(29,29,'Deborah','Auten','Developer',2,'Deborah.Auten@BuzzwordSolutions.com',3),(30,30,'Egon','Morgon','Developer',2,'Egon.Morgon@BuzzwordSolutions.com',2),(31,31,'Clovis','Molineaux','Sales Agent',1,'Clovis.Molineaux@BuzzwordSolutions.com',2),(32,32,'Timothee','Greswell','Manager',2,'Timothee.Greswell@BuzzwordSolutions.com',1),(33,33,'Wilone','Overbury','Developer',2,'Wilone.Overbury@BuzzwordSolutions.com',3),(34,34,'Ricky','Bosenworth','Developer',2,'Ricky.Bosenworth@BuzzwordSolutions.com',3),(35,35,'Marina','Cotes','Sales Agent',1,'Marina.Cotes@BuzzwordSolutions.com',1),(36,36,'Slade','Landeg','Developer',2,'Slade.Landeg@BuzzwordSolutions.com',2),(37,37,'Drusie','Knipe','Developer',2,'Drusie.Knipe@BuzzwordSolutions.com',3),(38,38,'Zaneta','Fawthrop','Developer',2,'Zaneta.Fawthrop@BuzzwordSolutions.com',2),(39,39,'Marena','MacCaughey','Sales Agent',1,'Marena.MacCaughey@BuzzwordSolutions.com',3),(40,40,'Cindelyn','Shurey','Developer',2,'Cindelyn.Shurey@BuzzwordSolutions.com',2),(41,41,'Tracey','Hazley','Developer',2,'Tracey.Hazley@BuzzwordSolutions.com',3),(42,42,'Mylo','Philippson','Sales Agent',1,'Mylo.Philippson@BuzzwordSolutions.com',2),(43,43,'Karyn','Higgan','Sales Agent',1,'Karyn.Higgan@BuzzwordSolutions.com',3),(44,44,'Remus','Sandal','Sales Agent',1,'Remus.Sandal@BuzzwordSolutions.com',2),(45,45,'Roxana','Duffell','Developer',2,'Roxana.Duffell@BuzzwordSolutions.com',1),(46,46,'Andra','Waine','Developer',2,'Andra.Waine@BuzzwordSolutions.com',2),(47,47,'Agustin','Gilmour','Sales Agent',1,'Agustin.Gilmour@BuzzwordSolutions.com',5),(48,48,'Kristal','Boyland','Developer',2,'Kristal.Boyland@BuzzwordSolutions.com',3),(49,49,'Burg','Ghidelli','Developer',2,'Burg.Ghidelli@BuzzwordSolutions.com',1),(50,50,'Norris','Maddy','Sales Agent',1,'Norris.Maddy@BuzzwordSolutions.com',3),(51,51,'Lind','Forder','Sales Agent',1,'Lind.Forder@BuzzwordSolutions.com',3),(52,52,'Taber','Tyson','Developer',2,'Taber.Tyson@BuzzwordSolutions.com',3),(53,53,'Sargent','Wytchard','Sales Agent',1,'Sargent.Wytchard@BuzzwordSolutions.com',2),(54,54,'Joeann','Gingel','Sales Agent',1,'Joeann.Gingel@BuzzwordSolutions.com',2),(55,55,'Jo','Simmance','Sales Agent',1,'Jo.Simmance@BuzzwordSolutions.com',4),(56,56,'Meghann','Pickless','Developer',2,'Meghann.Pickless@BuzzwordSolutions.com',2),(57,57,'Jose','Mulvy','Developer',2,'Jose.Mulvy@BuzzwordSolutions.com',2),(58,58,'Gabrielle','Wix','Developer',2,'Gabrielle.Wix@BuzzwordSolutions.com',2),(59,59,'Gaile','Scholar','Developer',2,'Gaile.Scholar@BuzzwordSolutions.com',3),(60,60,'Town','Abramamovh','Sales Agent',1,'Town.Abramamovh@BuzzwordSolutions.com',1),(61,61,'Trenna','Dey','Developer',2,'Trenna.Dey@BuzzwordSolutions.com',3),(62,62,'Thatch','Grey','Developer',2,'Thatch.Grey@BuzzwordSolutions.com',2),(63,63,'Darice','Kinch','Sales Agent',1,'Darice.Kinch@BuzzwordSolutions.com',2),(64,64,'Wang','Gilgryst','Developer',2,'Wang.Gilgryst@BuzzwordSolutions.com',2),(65,65,'Willow','Anderton','Developer',2,'Willow.Anderton@BuzzwordSolutions.com',1),(66,66,'Kathleen','Murrey','Developer',2,'Kathleen.Murrey@BuzzwordSolutions.com',3),(67,67,'Jeana','Kilbey','Developer',2,'Jeana.Kilbey@BuzzwordSolutions.com',3),(68,68,'Kearney','Marson','Developer',2,'Kearney.Marson@BuzzwordSolutions.com',2),(69,69,'Seline','Dalloway','Sales Agent',1,'Seline.Dalloway@BuzzwordSolutions.com',2),(70,70,'Leroi','de Lloyd','Sales Agent',1,'Leroi.de Lloyd@BuzzwordSolutions.com',3),(71,71,'Becki','Bockett','Developer',2,'Becki.Bockett@BuzzwordSolutions.com',2),(72,72,'Yalonda','Hurdis','Developer',2,'Yalonda.Hurdis@BuzzwordSolutions.com',2),(73,73,'Cody','Fenny','Sales Agent',1,'Cody.Fenny@BuzzwordSolutions.com',2),(74,74,'Therine','Conlon','Developer',2,'Therine.Conlon@BuzzwordSolutions.com',3),(75,75,'Marga','Nutbeam','Developer',2,'Marga.Nutbeam@BuzzwordSolutions.com',2),(76,76,'Roxanna','Davidge','Sales Agent',1,'Roxanna.Davidge@BuzzwordSolutions.com',2),(77,77,'Consuelo','Merigon','Developer',2,'Consuelo.Merigon@BuzzwordSolutions.com',4),(78,78,'Wilbur','Croxley','Developer',2,'Wilbur.Croxley@BuzzwordSolutions.com',2),(79,79,'Felix','Snaddin','Developer',2,'Felix.Snaddin@BuzzwordSolutions.com',1),(80,80,'Iosep','Wheater','Developer',2,'Iosep.Wheater@BuzzwordSolutions.com',2),(81,81,'Willabella','Allday','Developer',2,'Willabella.Allday@BuzzwordSolutions.com',2),(82,82,'Bennie','Morkham','Sales Agent',1,'Bennie.Morkham@BuzzwordSolutions.com',5),(83,83,'Leonid','Hoyle','Sales Agent',1,'Leonid.Hoyle@BuzzwordSolutions.com',3),(84,84,'Terrence','Paladini','Developer',2,'Terrence.Paladini@BuzzwordSolutions.com',2),(85,85,'Minnie','Harborow','Sales Agent',1,'Minnie.Harborow@BuzzwordSolutions.com',3),(86,86,'Rahel','Well','Sales Agent',1,'Rahel.Well@BuzzwordSolutions.com',2),(87,87,'Karena','Murison','Developer',2,'Karena.Murison@BuzzwordSolutions.com',3),(88,88,'Gifford','Orgee','Sales Agent',1,'Gifford.Orgee@BuzzwordSolutions.com',1),(89,89,'Clemmie','Moorerud','Sales Agent',1,'Clemmie.Moorerud@BuzzwordSolutions.com',2),(90,90,'Janos','Grewcock','Sales Agent',1,'Janos.Grewcock@BuzzwordSolutions.com',2),(91,91,'Norma','Scotchforth','Sales Agent',1,'Norma.Scotchforth@BuzzwordSolutions.com',1),(92,92,'Kissee','Mulqueeny','Developer',2,'Kissee.Mulqueeny@BuzzwordSolutions.com',1),(93,93,'Alexandra','Haslegrave','Sales Agent',1,'Alexandra.Haslegrave@BuzzwordSolutions.com',2),(94,94,'Tedi','Stanaway','Developer',2,'Tedi.Stanaway@BuzzwordSolutions.com',4),(95,95,'Christean','Dotson','Sales Agent',1,'Christean.Dotson@BuzzwordSolutions.com',3),(96,96,'Tull','Weond','Sales Agent',1,'Tull.Weond@BuzzwordSolutions.com',2),(97,97,'Lorette','Cawcutt','Developer',2,'Lorette.Cawcutt@BuzzwordSolutions.com',2),(98,98,'Neall','Lardeux','Sales Agent',1,'Neall.Lardeux@BuzzwordSolutions.com',2),(99,99,'Thornie','Roos','Developer',2,'Thornie.Roos@BuzzwordSolutions.com',4),(100,100,'Viole','Tarplee','Developer',2,'Viole.Tarplee@BuzzwordSolutions.com',3),(101,101,'Garnette','Beecheno','Developer',2,'Garnette.Beecheno@BuzzwordSolutions.com',1),(102,102,'Den','Blennerhassett','Developer',2,'Den.Blennerhassett@BuzzwordSolutions.com',2),(103,103,'Jackquelin','Lackeye','Sales Agent',1,'Jackquelin.Lackeye@BuzzwordSolutions.com',1),(104,104,'Myrtia','Aicheson','Sales Agent',1,'Myrtia.Aicheson@BuzzwordSolutions.com',1),(105,105,'Aveline','Studdert','Developer',2,'Aveline.Studdert@BuzzwordSolutions.com',2),(106,106,'Auguste','Aldcorn','Developer',2,'Auguste.Aldcorn@BuzzwordSolutions.com',3),(107,107,'Carlin','MacDermott','Developer',2,'Carlin.MacDermott@BuzzwordSolutions.com',1),(108,108,'Tina','Vasyutochkin','Developer',2,'Tina.Vasyutochkin@BuzzwordSolutions.com',2),(109,109,'Elysia','Rosenzveig','Developer',2,'Elysia.Rosenzveig@BuzzwordSolutions.com',4),(110,110,'Cindie','Gourdon','Developer',2,'Cindie.Gourdon@BuzzwordSolutions.com',2),(111,111,'Ann','Labbet','Sales Agent',1,'Ann.Labbet@BuzzwordSolutions.com',2),(112,112,'Leonerd','Sayle','Developer',2,'Leonerd.Sayle@BuzzwordSolutions.com',2),(113,113,'Robyn','Finnes','Developer',2,'Robyn.Finnes@BuzzwordSolutions.com',2),(114,114,'Florry','Caulkett','Sales Agent',1,'Florry.Caulkett@BuzzwordSolutions.com',1),(115,115,'Lexine','Jacobowicz','Developer',2,'Lexine.Jacobowicz@BuzzwordSolutions.com',3),(116,116,'Jinny','Muddiman','Developer',2,'Jinny.Muddiman@BuzzwordSolutions.com',2),(117,117,'Brigitta','Dinsale','Sales Agent',1,'Brigitta.Dinsale@BuzzwordSolutions.com',4),(118,118,'Inesita','Branigan','Developer',2,'Inesita.Branigan@BuzzwordSolutions.com',3),(119,119,'Weston','Bursell','Developer',2,'Weston.Bursell@BuzzwordSolutions.com',2),(120,120,'Haywood','Wareham','Developer',2,'Haywood.Wareham@BuzzwordSolutions.com',2),(121,121,'Sawyer','Fontes','Developer',2,'Sawyer.Fontes@BuzzwordSolutions.com',2),(122,122,'Lilas','Sellors','Developer',2,'Lilas.Sellors@BuzzwordSolutions.com',3),(123,123,'Flory','Horley','Sales Agent',1,'Flory.Horley@BuzzwordSolutions.com',3),(124,124,'Dannye','Andrioli','Sales Agent',1,'Dannye.Andrioli@BuzzwordSolutions.com',3),(125,125,'George','Snyder','Sales Agent',1,'George.Snyder@BuzzwordSolutions.com',2),(126,126,'Ernst','McEntee','Developer',2,'Ernst.McEntee@BuzzwordSolutions.com',5),(127,127,'Caterina','Keightley','Sales Agent',1,'Caterina.Keightley@BuzzwordSolutions.com',2),(128,128,'Arlyn','Pantlin','Sales Agent',1,'Arlyn.Pantlin@BuzzwordSolutions.com',3),(129,129,'Aarika','Hayman','Developer',2,'Aarika.Hayman@BuzzwordSolutions.com',4),(130,130,'Brocky','Meegan','Sales Agent',1,'Brocky.Meegan@BuzzwordSolutions.com',1),(131,131,'Jane','Bichard','Developer',2,'Jane.Bichard@BuzzwordSolutions.com',3),(132,132,'Honey','Clutram','Developer',2,'Honey.Clutram@BuzzwordSolutions.com',2),(133,133,'Lori','Morecomb','Developer',2,'Lori.Morecomb@BuzzwordSolutions.com',1),(134,134,'Brinna','Tyrwhitt','Developer',2,'Brinna.Tyrwhitt@BuzzwordSolutions.com',2),(135,135,'Dilan','Pellissier','Sales Agent',1,'Dilan.Pellissier@BuzzwordSolutions.com',1),(136,136,'Karol','Dunning','Developer',2,'Karol.Dunning@BuzzwordSolutions.com',2),(137,137,'Terencio','Whiteley','Developer',2,'Terencio.Whiteley@BuzzwordSolutions.com',2),(138,138,'Dawna','Papierz','Developer',2,'Dawna.Papierz@BuzzwordSolutions.com',2),(139,139,'Andra','Whorf','Sales Agent',1,'Andra.Whorf@BuzzwordSolutions.com',4),(140,140,'Iormina','Pinilla','Developer',2,'Iormina.Pinilla@BuzzwordSolutions.com',2),(141,141,'Merrill','Gidley','Developer',2,'Merrill.Gidley@BuzzwordSolutions.com',1),(142,142,'Myron','Walworth','Developer',2,'Myron.Walworth@BuzzwordSolutions.com',1),(143,143,'Riki','Poor','Developer',2,'Riki.Poor@BuzzwordSolutions.com',3),(144,144,'Tiff','Selborne','Sales Agent',1,'Tiff.Selborne@BuzzwordSolutions.com',3),(145,145,'Kristoffer','Haddock','Developer',2,'Kristoffer.Haddock@BuzzwordSolutions.com',2),(146,146,'Roch','Caines','Developer',2,'Roch.Caines@BuzzwordSolutions.com',3),(147,147,'Vivien','Mercey','Sales Agent',1,'Vivien.Mercey@BuzzwordSolutions.com',2),(148,148,'Yoko','Placidi','Developer',2,'Yoko.Placidi@BuzzwordSolutions.com',1),(149,149,'Eunice','Trayhorn','Sales Agent',1,'Eunice.Trayhorn@BuzzwordSolutions.com',2),(150,150,'Pietro','Harrower','Developer',2,'Pietro.Harrower@BuzzwordSolutions.com',2),(151,151,'Raye','Ballsdon','Developer',2,'Raye.Ballsdon@BuzzwordSolutions.com',3),(152,152,'Krishna','Ianno','Developer',2,'Krishna.Ianno@BuzzwordSolutions.com',3),(153,153,'Patrice','Hampe','Developer',2,'Patrice.Hampe@BuzzwordSolutions.com',3),(154,154,'Gerrie','Findlay','Developer',2,'Gerrie.Findlay@BuzzwordSolutions.com',2),(155,155,'Ashley','Kneath','Developer',2,'Ashley.Kneath@BuzzwordSolutions.com',1),(156,156,'Niels','McCambrois','Sales Agent',1,'Niels.McCambrois@BuzzwordSolutions.com',2),(157,157,'Auberon','Wint','Developer',2,'Auberon.Wint@BuzzwordSolutions.com',2),(158,158,'Tybie','Lashmar','Developer',2,'Tybie.Lashmar@BuzzwordSolutions.com',2),(159,159,'Luisa','Manshaw','Sales Agent',1,'Luisa.Manshaw@BuzzwordSolutions.com',3),(160,160,'Thekla','Toopin','Developer',2,'Thekla.Toopin@BuzzwordSolutions.com',1),(161,161,'Keslie','Rosina','Manager',1,'Keslie.Rosina@BuzzwordSolutions.com',5),(162,162,'Harv','Mart','Sales Agent',1,'Harv.Mart@BuzzwordSolutions.com',1),(163,163,'Moritz','Zuan','Developer',2,'Moritz.Zuan@BuzzwordSolutions.com',2),(164,164,'Briggs','Szymonwicz','Developer',2,'Briggs.Szymonwicz@BuzzwordSolutions.com',4),(165,165,'Hallie','Back','Sales Agent',1,'Hallie.Back@BuzzwordSolutions.com',2),(166,166,'Alix','Francescuzzi','Developer',2,'Alix.Francescuzzi@BuzzwordSolutions.com',3),(167,167,'Correna','Rumgay','Developer',2,'Correna.Rumgay@BuzzwordSolutions.com',4),(168,168,'Antonie','Swansbury','Developer',2,'Antonie.Swansbury@BuzzwordSolutions.com',1),(169,169,'John','Josskovitz','Developer',2,'John.Josskovitz@BuzzwordSolutions.com',2),(170,170,'Fitzgerald','Ionesco','Developer',2,'Fitzgerald.Ionesco@BuzzwordSolutions.com',3),(171,171,'Marci','Speachley','Sales Agent',1,'Marci.Speachley@BuzzwordSolutions.com',1),(172,172,'Harmonie','Doncom','Developer',2,'Harmonie.Doncom@BuzzwordSolutions.com',2),(173,173,'Gerianne','Powter','Developer',2,'Gerianne.Powter@BuzzwordSolutions.com',2),(174,174,'Humfried','Hundy','Developer',2,'Humfried.Hundy@BuzzwordSolutions.com',2),(175,175,'Easter','Braker','Developer',2,'Easter.Braker@BuzzwordSolutions.com',3),(176,176,'Ceil','Lampe','Developer',2,'Ceil.Lampe@BuzzwordSolutions.com',1),(177,177,'Muffin','Aulds','Sales Agent',1,'Muffin.Aulds@BuzzwordSolutions.com',2),(178,178,'Cornelle','Garretts','Developer',2,'Cornelle.Garretts@BuzzwordSolutions.com',2),(179,179,'Wolfie','Sweed','Sales Agent',1,'Wolfie.Sweed@BuzzwordSolutions.com',3),(180,180,'Sheryl','Kubelka','Developer',2,'Sheryl.Kubelka@BuzzwordSolutions.com',2),(181,181,'Justino','Raithmill','Sales Agent',1,'Justino.Raithmill@BuzzwordSolutions.com',3),(182,182,'Lindy','Southwick','Developer',2,'Lindy.Southwick@BuzzwordSolutions.com',2),(183,183,'Thornton','Lewins','Sales Agent',1,'Thornton.Lewins@BuzzwordSolutions.com',3),(184,184,'Chicky','Karpov','Developer',2,'Chicky.Karpov@BuzzwordSolutions.com',4),(185,185,'Susannah','Thorouggood','Sales Agent',1,'Susannah.Thorouggood@BuzzwordSolutions.com',2),(186,186,'Kellen','Garrity','Sales Agent',1,'Kellen.Garrity@BuzzwordSolutions.com',5),(187,187,'Lark','Gladbeck','Sales Agent',1,'Lark.Gladbeck@BuzzwordSolutions.com',2),(188,188,'Estevan','Gaspero','Developer',2,'Estevan.Gaspero@BuzzwordSolutions.com',3),(189,189,'Hamlin','Ivie','Sales Agent',1,'Hamlin.Ivie@BuzzwordSolutions.com',2),(190,190,'Audrie','Huard','Sales Agent',1,'Audrie.Huard@BuzzwordSolutions.com',2),(191,191,'William','Cassius','Developer',2,'William.Cassius@BuzzwordSolutions.com',2),(192,192,'Hyacinthia','Napoleone','Developer',2,'Hyacinthia.Napoleone@BuzzwordSolutions.com',3),(193,193,'Isabella','Duffield','Developer',2,'Isabella.Duffield@BuzzwordSolutions.com',2),(194,194,'Carolyn','Matignon','Developer',2,'Carolyn.Matignon@BuzzwordSolutions.com',4),(195,195,'Maurise','Beasant','Developer',2,'Maurise.Beasant@BuzzwordSolutions.com',2),(196,196,'Rosamond','Lorie','Developer',2,'Rosamond.Lorie@BuzzwordSolutions.com',4),(197,197,'Harri','Focke','Developer',2,'Harri.Focke@BuzzwordSolutions.com',3),(198,198,'Oswell','Grishukhin','Sales Agent',1,'Oswell.Grishukhin@BuzzwordSolutions.com',2),(199,199,'Dirk','Frick','Sales Agent',1,'Dirk.Frick@BuzzwordSolutions.com',2),(200,200,'Idelle','Irvin','Developer',2,'Idelle.Irvin@BuzzwordSolutions.com',2),(201,201,'Seana','Fillgate','Sales Agent',1,'Seana.Fillgate@BuzzwordSolutions.com',2),(202,202,'Carolyne','Rottcher','Developer',2,'Carolyne.Rottcher@BuzzwordSolutions.com',1),(203,203,'Alma','McCosker','Developer',2,'Alma.McCosker@BuzzwordSolutions.com',1),(204,204,'Ami','Parmley','Developer',2,'Ami.Parmley@BuzzwordSolutions.com',1),(205,205,'Rod','Bleackly','Developer',2,'Rod.Bleackly@BuzzwordSolutions.com',2),(206,206,'Jacky','Francis','Developer',2,'Jacky.Francis@BuzzwordSolutions.com',2),(207,207,'Bibbie','Rothschild','Developer',2,'Bibbie.Rothschild@BuzzwordSolutions.com',3),(208,208,'Adela','Goodricke','Developer',2,'Adela.Goodricke@BuzzwordSolutions.com',2),(209,209,'Burt','Tuxill','Developer',2,'Burt.Tuxill@BuzzwordSolutions.com',2),(210,210,'Adoree','Van Driel','Developer',2,'Adoree.Van Driel@BuzzwordSolutions.com',1),(211,211,'Patrizius','Walkey','Developer',2,'Patrizius.Walkey@BuzzwordSolutions.com',2),(212,212,'Waite','Sisneros','Sales Agent',1,'Waite.Sisneros@BuzzwordSolutions.com',3),(213,213,'Reid','Kinton','Developer',2,'Reid.Kinton@BuzzwordSolutions.com',1),(214,214,'Rebecca','Mulderrig','Developer',2,'Rebecca.Mulderrig@BuzzwordSolutions.com',3),(215,215,'Sher','Basil','Sales Agent',1,'Sher.Basil@BuzzwordSolutions.com',4),(216,216,'Gratia','Gurnee','Manager',4,'Gratia.Gurnee@BuzzwordSolutions.com',3),(217,217,'Elysia','Curwen','Developer',2,'Elysia.Curwen@BuzzwordSolutions.com',2),(218,218,'Jocko','Labadini','Developer',2,'Jocko.Labadini@BuzzwordSolutions.com',2),(219,219,'Sarge','Backe','Sales Agent',1,'Sarge.Backe@BuzzwordSolutions.com',2),(220,220,'Raimundo','Burcombe','Developer',2,'Raimundo.Burcombe@BuzzwordSolutions.com',5),(221,221,'Lucien','Nuccii','Developer',2,'Lucien.Nuccii@BuzzwordSolutions.com',2),(222,222,'Edi','Gleeson','Sales Agent',1,'Edi.Gleeson@BuzzwordSolutions.com',1),(223,223,'Gilbertina','Godon','Developer',2,'Gilbertina.Godon@BuzzwordSolutions.com',2),(224,224,'Lamond','Pitchford','Sales Agent',1,'Lamond.Pitchford@BuzzwordSolutions.com',4),(225,225,'Paulo','Pallas','Developer',2,'Paulo.Pallas@BuzzwordSolutions.com',1),(226,226,'Dorrie','Pitkeathley','Developer',2,'Dorrie.Pitkeathley@BuzzwordSolutions.com',2),(227,227,'Hasheem','Widdop','Developer',2,'Hasheem.Widdop@BuzzwordSolutions.com',4),(228,228,'Oates','Beviss','Developer',2,'Oates.Beviss@BuzzwordSolutions.com',2),(229,229,'Hermione','Harle','Developer',2,'Hermione.Harle@BuzzwordSolutions.com',2),(230,230,'Trefor','Wands','Developer',2,'Trefor.Wands@BuzzwordSolutions.com',2),(231,231,'Lori','Kuller','Sales Agent',1,'Lori.Kuller@BuzzwordSolutions.com',1),(232,232,'Yancy','Trickey','Developer',2,'Yancy.Trickey@BuzzwordSolutions.com',2),(233,233,'Margret','Lothean','Developer',2,'Margret.Lothean@BuzzwordSolutions.com',3),(234,234,'Joseph','Casella','Developer',2,'Joseph.Casella@BuzzwordSolutions.com',2),(235,235,'Courtney','Judgkins','Developer',2,'Courtney.Judgkins@BuzzwordSolutions.com',1),(236,236,'Boris','McInnerny','Sales Agent',1,'Boris.McInnerny@BuzzwordSolutions.com',2),(237,237,'Dillon','Grzelczyk','Sales Agent',1,'Dillon.Grzelczyk@BuzzwordSolutions.com',2),(238,238,'Fallon','Perrygo','Developer',2,'Fallon.Perrygo@BuzzwordSolutions.com',2),(239,239,'Tony','Purveys','Developer',2,'Tony.Purveys@BuzzwordSolutions.com',2),(240,240,'Maryanna','Skerm','Developer',2,'Maryanna.Skerm@BuzzwordSolutions.com',3),(241,241,'Tracie','Markie','Sales Agent',1,'Tracie.Markie@BuzzwordSolutions.com',3),(242,242,'Bellanca','Wardhaw','Developer',2,'Bellanca.Wardhaw@BuzzwordSolutions.com',1),(243,243,'Harold','Thraves','Developer',2,'Harold.Thraves@BuzzwordSolutions.com',2),(244,244,'Ron','Baser','Developer',2,'Ron.Baser@BuzzwordSolutions.com',1),(245,245,'Jordan','Baudassi','Developer',2,'Jordan.Baudassi@BuzzwordSolutions.com',4),(246,246,'Mommy','Smitton','Developer',2,'Mommy.Smitton@BuzzwordSolutions.com',2),(247,247,'Gabriel','Donhardt','Developer',2,'Gabriel.Donhardt@BuzzwordSolutions.com',2),(248,248,'Nonna','Dossettor','Developer',2,'Nonna.Dossettor@BuzzwordSolutions.com',1),(249,249,'Arleen','Gent','Developer',2,'Arleen.Gent@BuzzwordSolutions.com',2),(250,250,'Vicky','Lumsdon','Sales Agent',1,'Vicky.Lumsdon@BuzzwordSolutions.com',2),(251,251,'Algernon','Affuso','Developer',2,'Algernon.Affuso@BuzzwordSolutions.com',2),(252,252,'Johna','Baptie','Developer',2,'Johna.Baptie@BuzzwordSolutions.com',3),(253,253,'Sherm','Grayshan','Developer',2,'Sherm.Grayshan@BuzzwordSolutions.com',4),(254,254,'Agnella','Camillo','Sales Agent',1,'Agnella.Camillo@BuzzwordSolutions.com',3),(255,255,'Miriam','Every','Developer',2,'Miriam.Every@BuzzwordSolutions.com',4),(256,256,'Thane','Janicek','Developer',2,'Thane.Janicek@BuzzwordSolutions.com',1),(257,257,'Godfrey','Gaskell','Developer',2,'Godfrey.Gaskell@BuzzwordSolutions.com',3),(258,258,'Gretta','Peart','Sales Agent',1,'Gretta.Peart@BuzzwordSolutions.com',2),(259,259,'Syd','Sarge','Sales Agent',1,'Syd.Sarge@BuzzwordSolutions.com',2),(260,260,'Mordecai','Godart','Developer',2,'Mordecai.Godart@BuzzwordSolutions.com',2),(261,261,'Franky','McDermott-Row','Developer',2,'Franky.McDermott-Row@BuzzwordSolutions.com',2),(262,262,'Ferdinand','Woffinden','Developer',2,'Ferdinand.Woffinden@BuzzwordSolutions.com',2),(263,263,'Alyce','Law','Sales Agent',1,'Alyce.Law@BuzzwordSolutions.com',2),(264,264,'Vaughn','Try','Developer',2,'Vaughn.Try@BuzzwordSolutions.com',1),(265,265,'Welch','Peschka','Developer',2,'Welch.Peschka@BuzzwordSolutions.com',2),(266,266,'Boris','Stanhope','Developer',2,'Boris.Stanhope@BuzzwordSolutions.com',2),(267,267,'Zia','Phalp','Developer',2,'Zia.Phalp@BuzzwordSolutions.com',4),(268,268,'Iain','Stoyles','Developer',2,'Iain.Stoyles@BuzzwordSolutions.com',2),(269,269,'Lena','Gligorijevic','Developer',2,'Lena.Gligorijevic@BuzzwordSolutions.com',1),(270,270,'Abbot','Oolahan','Developer',2,'Abbot.Oolahan@BuzzwordSolutions.com',4),(271,271,'Dante','Spinke','Sales Agent',1,'Dante.Spinke@BuzzwordSolutions.com',2),(272,272,'Ephrayim','Frankcombe','Developer',2,'Ephrayim.Frankcombe@BuzzwordSolutions.com',1),(273,273,'Amitie','Vanichkov','Manager',1,'Amitie.Vanichkov@BuzzwordSolutions.com',1),(274,274,'Carena','McReidy','Developer',2,'Carena.McReidy@BuzzwordSolutions.com',1),(275,275,'Kent','Lamlin','Developer',2,'Kent.Lamlin@BuzzwordSolutions.com',5),(276,276,'Eleonore','MacPeake','Developer',2,'Eleonore.MacPeake@BuzzwordSolutions.com',3),(277,277,'Donnajean','Cathcart','Sales Agent',1,'Donnajean.Cathcart@BuzzwordSolutions.com',2),(278,278,'Carrissa','Polhill','Sales Agent',1,'Carrissa.Polhill@BuzzwordSolutions.com',1),(279,279,'Hubie','Lenard','Developer',2,'Hubie.Lenard@BuzzwordSolutions.com',1),(280,280,'Conn','Tilney','Sales Agent',1,'Conn.Tilney@BuzzwordSolutions.com',2),(281,281,'Ruddie','Hansel','Sales Agent',1,'Ruddie.Hansel@BuzzwordSolutions.com',1),(282,282,'Aristotle','Erb','Sales Agent',1,'Aristotle.Erb@BuzzwordSolutions.com',2),(283,283,'Alexandra','Gethins','Sales Agent',1,'Alexandra.Gethins@BuzzwordSolutions.com',1),(284,284,'Lexis','MacKeller','Developer',2,'Lexis.MacKeller@BuzzwordSolutions.com',3),(285,285,'Pinchas','Davidsson','Developer',2,'Pinchas.Davidsson@BuzzwordSolutions.com',2),(286,286,'Verna','Golthorpp','Sales Agent',1,'Verna.Golthorpp@BuzzwordSolutions.com',2),(287,287,'Junia','Rubenczyk','Developer',2,'Junia.Rubenczyk@BuzzwordSolutions.com',3),(288,288,'Stacy','Rainey','Developer',2,'Stacy.Rainey@BuzzwordSolutions.com',2),(289,289,'Adelbert','Dannohl','Developer',2,'Adelbert.Dannohl@BuzzwordSolutions.com',3),(290,290,'Marlie','Dannehl','Developer',2,'Marlie.Dannehl@BuzzwordSolutions.com',3),(291,291,'Raeann','Beggs','Developer',2,'Raeann.Beggs@BuzzwordSolutions.com',2),(292,292,'Guss','Gelsthorpe','Sales Agent',1,'Guss.Gelsthorpe@BuzzwordSolutions.com',4),(293,293,'Cthrine','Sutherington','Developer',2,'Cthrine.Sutherington@BuzzwordSolutions.com',4),(294,294,'Cherise','Cuthill','Sales Agent',1,'Cherise.Cuthill@BuzzwordSolutions.com',4),(295,295,'Efren','Yannoni','Sales Agent',1,'Efren.Yannoni@BuzzwordSolutions.com',3),(296,296,'Tedie','Plimmer','Developer',2,'Tedie.Plimmer@BuzzwordSolutions.com',2),(297,297,'Zebedee','Keinrat','Sales Agent',1,'Zebedee.Keinrat@BuzzwordSolutions.com',2),(298,298,'Janith','Farrah','Developer',2,'Janith.Farrah@BuzzwordSolutions.com',2),(299,299,'Donnajean','Getcliffe','Developer',2,'Donnajean.Getcliffe@BuzzwordSolutions.com',2),(300,300,'Davina','Tirrey','Developer',2,'Davina.Tirrey@BuzzwordSolutions.com',2),(301,301,'Jody','Sibbons','Developer',2,'Jody.Sibbons@BuzzwordSolutions.com',2),(302,302,'Rhonda','Gillion','Developer',2,'Rhonda.Gillion@BuzzwordSolutions.com',4),(303,303,'Selma','Fittall','Developer',2,'Selma.Fittall@BuzzwordSolutions.com',3),(304,304,'Julio','Skittreal','Sales Agent',1,'Julio.Skittreal@BuzzwordSolutions.com',2),(305,305,'Cy','Bellelli','Sales Agent',1,'Cy.Bellelli@BuzzwordSolutions.com',4),(306,306,'Klemens','Lonie','Sales Agent',1,'Klemens.Lonie@BuzzwordSolutions.com',3),(307,307,'Lynne','Shallcross','Developer',2,'Lynne.Shallcross@BuzzwordSolutions.com',4),(308,308,'Claudian','Tomankiewicz','Developer',2,'Claudian.Tomankiewicz@BuzzwordSolutions.com',2),(309,309,'Georgeanna','Czadla','Developer',2,'Georgeanna.Czadla@BuzzwordSolutions.com',2),(310,310,'Dagmar','Cruse','Developer',2,'Dagmar.Cruse@BuzzwordSolutions.com',2),(311,311,'Cayla','Driuzzi','Developer',2,'Cayla.Driuzzi@BuzzwordSolutions.com',3),(312,312,'Dori','Edgett','Sales Agent',1,'Dori.Edgett@BuzzwordSolutions.com',4),(313,313,'Paola','Di Francesco','Developer',2,'Paola.Di Francesco@BuzzwordSolutions.com',2),(314,314,'Bucky','Thaxter','Developer',2,'Bucky.Thaxter@BuzzwordSolutions.com',2),(315,315,'Nat','Manntschke','Sales Agent',1,'Nat.Manntschke@BuzzwordSolutions.com',2),(316,316,'Nathanial','Dargie','Developer',2,'Nathanial.Dargie@BuzzwordSolutions.com',2),(317,317,'Ivar','Aronowitz','Sales Agent',1,'Ivar.Aronowitz@BuzzwordSolutions.com',2),(318,318,'Bobby','Crocker','Developer',2,'Bobby.Crocker@BuzzwordSolutions.com',2),(319,319,'Lazare','Libermore','Developer',2,'Lazare.Libermore@BuzzwordSolutions.com',1),(320,320,'Nye','Jancey','Developer',2,'Nye.Jancey@BuzzwordSolutions.com',2),(321,321,'Rodger','Poland','Developer',2,'Rodger.Poland@BuzzwordSolutions.com',3),(322,322,'Marijn','Orpin','Sales Agent',1,'Marijn.Orpin@BuzzwordSolutions.com',1),(323,323,'Rebecka','Blumson','Developer',2,'Rebecka.Blumson@BuzzwordSolutions.com',2),(324,324,'Clayton','Conry','Developer',2,'Clayton.Conry@BuzzwordSolutions.com',1),(325,325,'Gertrudis','Lovejoy','Sales Agent',1,'Gertrudis.Lovejoy@BuzzwordSolutions.com',2),(326,326,'Corabel','Cauldwell','Developer',2,'Corabel.Cauldwell@BuzzwordSolutions.com',2),(327,327,'Nanci','Pummell','Developer',2,'Nanci.Pummell@BuzzwordSolutions.com',3),(328,328,'Gerrie','Blankman','Developer',2,'Gerrie.Blankman@BuzzwordSolutions.com',3),(329,329,'Marquita','Ceney','Developer',2,'Marquita.Ceney@BuzzwordSolutions.com',1),(330,330,'Padriac','Perrins','Developer',2,'Padriac.Perrins@BuzzwordSolutions.com',2),(331,331,'Hi','Whybrow','Developer',2,'Hi.Whybrow@BuzzwordSolutions.com',3),(332,332,'Davidde','Oldacre','Sales Agent',1,'Davidde.Oldacre@BuzzwordSolutions.com',3),(333,333,'Des','Caldes','Developer',2,'Des.Caldes@BuzzwordSolutions.com',2),(334,334,'Berri','Giovani','Developer',2,'Berri.Giovani@BuzzwordSolutions.com',2),(335,335,'Charleen','Rops','Developer',2,'Charleen.Rops@BuzzwordSolutions.com',2),(336,336,'Agace','Fabry','Developer',2,'Agace.Fabry@BuzzwordSolutions.com',2),(337,337,'Ag','Turneux','Developer',2,'Ag.Turneux@BuzzwordSolutions.com',2),(338,338,'Cammie','Keelinge','Developer',2,'Cammie.Keelinge@BuzzwordSolutions.com',2),(339,339,'Kristofer','Morfield','Sales Agent',1,'Kristofer.Morfield@BuzzwordSolutions.com',3),(340,340,'Paulie','Jursch','Sales Agent',1,'Paulie.Jursch@BuzzwordSolutions.com',1),(341,341,'Allie','Currey','Developer',2,'Allie.Currey@BuzzwordSolutions.com',3),(342,342,'Mathias','Border','Developer',2,'Mathias.Border@BuzzwordSolutions.com',2),(343,343,'Dexter','Greenslade','Sales Agent',1,'Dexter.Greenslade@BuzzwordSolutions.com',3),(344,344,'Tessie','Verma','Developer',2,'Tessie.Verma@BuzzwordSolutions.com',2),(345,345,'Bettine','Skamell','Sales Agent',1,'Bettine.Skamell@BuzzwordSolutions.com',2),(346,346,'Terrell','Hawyes','Developer',2,'Terrell.Hawyes@BuzzwordSolutions.com',3),(347,347,'Trev','Axston','Developer',2,'Trev.Axston@BuzzwordSolutions.com',2),(348,348,'Dallas','Durnin','Sales Agent',1,'Dallas.Durnin@BuzzwordSolutions.com',5),(349,349,'Alta','Ewington','Sales Agent',1,'Alta.Ewington@BuzzwordSolutions.com',1),(350,350,'Diego','Dunnico','Sales Agent',1,'Diego.Dunnico@BuzzwordSolutions.com',5),(351,351,'Giulio','Presdee','Developer',2,'Giulio.Presdee@BuzzwordSolutions.com',5),(352,352,'Carroll','Fahrenbacher','Developer',2,'Carroll.Fahrenbacher@BuzzwordSolutions.com',3),(353,353,'Jenine','Dolbey','Developer',2,'Jenine.Dolbey@BuzzwordSolutions.com',3),(354,354,'Annadiana','Pickin','Developer',2,'Annadiana.Pickin@BuzzwordSolutions.com',2),(355,355,'Dannie','Trevaskiss','Sales Agent',1,'Dannie.Trevaskiss@BuzzwordSolutions.com',1),(356,356,'Rurik','Grewe','Developer',2,'Rurik.Grewe@BuzzwordSolutions.com',1),(357,357,'Hulda','Roelofsen','Developer',2,'Hulda.Roelofsen@BuzzwordSolutions.com',1),(358,358,'Kirsteni','Cloughton','Developer',2,'Kirsteni.Cloughton@BuzzwordSolutions.com',4),(359,359,'Dorine','Gravet','Developer',2,'Dorine.Gravet@BuzzwordSolutions.com',3),(360,360,'Dotti','Spowart','Developer',2,'Dotti.Spowart@BuzzwordSolutions.com',1),(361,361,'Bev','Greatbanks','Developer',2,'Bev.Greatbanks@BuzzwordSolutions.com',2),(362,362,'Coretta','Mingo','Developer',2,'Coretta.Mingo@BuzzwordSolutions.com',3),(363,363,'Elvira','Syce','Developer',2,'Elvira.Syce@BuzzwordSolutions.com',2),(364,364,'Cymbre','MacGruer','Sales Agent',1,'Cymbre.MacGruer@BuzzwordSolutions.com',2),(365,365,'Sonja','Tomkin','Developer',2,'Sonja.Tomkin@BuzzwordSolutions.com',3),(366,366,'Pembroke','Buxcy','Developer',2,'Pembroke.Buxcy@BuzzwordSolutions.com',2),(367,367,'Odella','Eburah','Developer',2,'Odella.Eburah@BuzzwordSolutions.com',2),(368,368,'Davine','Colkett','Developer',2,'Davine.Colkett@BuzzwordSolutions.com',3),(369,369,'Reyna','Varey','Developer',2,'Reyna.Varey@BuzzwordSolutions.com',3),(370,370,'Robinett','Blake','Developer',2,'Robinett.Blake@BuzzwordSolutions.com',2),(371,371,'Bobine','Daborne','Developer',2,'Bobine.Daborne@BuzzwordSolutions.com',2),(372,372,'Schuyler','Woolbrook','Developer',2,'Schuyler.Woolbrook@BuzzwordSolutions.com',2),(373,373,'Ralph','Whitlam','Developer',2,'Ralph.Whitlam@BuzzwordSolutions.com',3),(374,374,'Ryun','Ruggen','Sales Agent',1,'Ryun.Ruggen@BuzzwordSolutions.com',3),(375,375,'Barbi','Hadaway','Developer',2,'Barbi.Hadaway@BuzzwordSolutions.com',2),(376,376,'Petronella','Swainson','Developer',2,'Petronella.Swainson@BuzzwordSolutions.com',2),(377,377,'Madelin','Madelin','Sales Agent',1,'Madelin.Madelin@BuzzwordSolutions.com',2),(378,378,'Flint','Niezen','Developer',2,'Flint.Niezen@BuzzwordSolutions.com',3),(379,379,'Anya','Goodisson','Developer',2,'Anya.Goodisson@BuzzwordSolutions.com',3),(380,380,'Doro','Pallis','Developer',2,'Doro.Pallis@BuzzwordSolutions.com',3),(381,381,'Brett','Reeman','Developer',2,'Brett.Reeman@BuzzwordSolutions.com',2),(382,382,'Jordan','Sandcraft','Sales Agent',1,'Jordan.Sandcraft@BuzzwordSolutions.com',1),(383,383,'Ibbie','Ludron','Sales Agent',1,'Ibbie.Ludron@BuzzwordSolutions.com',2),(384,384,'George','Ropking','Developer',2,'George.Ropking@BuzzwordSolutions.com',2),(385,385,'Duky','Allbones','Sales Agent',1,'Duky.Allbones@BuzzwordSolutions.com',2),(386,386,'Sancho','Bogaert','Sales Agent',1,'Sancho.Bogaert@BuzzwordSolutions.com',1),(387,387,'Wheeler','Philippard','Developer',2,'Wheeler.Philippard@BuzzwordSolutions.com',2),(388,388,'Damaris','Bunkle','Developer',2,'Damaris.Bunkle@BuzzwordSolutions.com',2),(389,389,'Tatum','Dietmar','Developer',2,'Tatum.Dietmar@BuzzwordSolutions.com',2),(390,390,'Marna','Ossulton','Developer',2,'Marna.Ossulton@BuzzwordSolutions.com',1),(391,391,'Vivyanne','Stuttman','Developer',2,'Vivyanne.Stuttman@BuzzwordSolutions.com',3),(392,392,'Mychal','Pill','Developer',2,'Mychal.Pill@BuzzwordSolutions.com',4),(393,393,'Tamqrah','Issett','Developer',2,'Tamqrah.Issett@BuzzwordSolutions.com',3),(394,394,'Junina','Maile','Developer',2,'Junina.Maile@BuzzwordSolutions.com',4),(395,395,'Ash','Kells','Developer',2,'Ash.Kells@BuzzwordSolutions.com',4),(396,396,'Devonna','Tick','Sales Agent',1,'Devonna.Tick@BuzzwordSolutions.com',2),(397,397,'Catlin','Alder','Developer',2,'Catlin.Alder@BuzzwordSolutions.com',1),(398,398,'Merla','Moulsdale','Developer',2,'Merla.Moulsdale@BuzzwordSolutions.com',5),(399,399,'George','Ovill','Sales Agent',1,'George.Ovill@BuzzwordSolutions.com',2),(400,400,'Kylynn','Alldread','Sales Agent',1,'Kylynn.Alldread@BuzzwordSolutions.com',5),(401,401,'Gavra','Lewington','Developer',2,'Gavra.Lewington@BuzzwordSolutions.com',2),(402,402,'Allissa','Lubman','Developer',2,'Allissa.Lubman@BuzzwordSolutions.com',2),(403,403,'Sutton','Haymes','Developer',2,'Sutton.Haymes@BuzzwordSolutions.com',2),(404,404,'Frayda','Dosedale','Developer',2,'Frayda.Dosedale@BuzzwordSolutions.com',3),(405,406,'Alexander','Macquire','Developer',2,'Alexander.Macquire@BuzzwordSolutions.com',3),(406,407,'Joelly','Howse','Developer',2,'Joelly.Howse@BuzzwordSolutions.com',1),(407,408,'Jdavie','Reburn','Developer',2,'Jdavie.Reburn@BuzzwordSolutions.com',2),(408,409,'Yul','Goodsall','Developer',2,'Yul.Goodsall@BuzzwordSolutions.com',1),(409,410,'Sallee','Loxdale','Sales Agent',1,'Sallee.Loxdale@BuzzwordSolutions.com',3),(410,411,'Madelyn','Rubinfajn','Developer',2,'Madelyn.Rubinfajn@BuzzwordSolutions.com',2),(411,412,'Elvira','Windrass','Manager',1,'Elvira.Windrass@BuzzwordSolutions.com',4),(412,413,'Barbabra','Miebes','Developer',2,'Barbabra.Miebes@BuzzwordSolutions.com',2),(413,414,'Ami','Warmisham','Sales Agent',1,'Ami.Warmisham@BuzzwordSolutions.com',3),(414,415,'Cynde','Rutherforth','Sales Agent',1,'Cynde.Rutherforth@BuzzwordSolutions.com',3),(415,416,'Kailey','Mouatt','Developer',2,'Kailey.Mouatt@BuzzwordSolutions.com',2),(416,417,'Dimitry','Davey','Developer',2,'Dimitry.Davey@BuzzwordSolutions.com',2),(417,418,'Trenton','Tutsell','Developer',2,'Trenton.Tutsell@BuzzwordSolutions.com',2),(418,419,'Foster','Regi','Developer',2,'Foster.Regi@BuzzwordSolutions.com',3),(419,420,'Alix','Wordesworth','Developer',2,'Alix.Wordesworth@BuzzwordSolutions.com',2),(420,421,'Hanny','Craven','Sales Agent',1,'Hanny.Craven@BuzzwordSolutions.com',2),(421,422,'Kimbra','MacLaverty','Developer',2,'Kimbra.MacLaverty@BuzzwordSolutions.com',3),(422,423,'Halie','Fairtlough','Developer',2,'Halie.Fairtlough@BuzzwordSolutions.com',2),(423,424,'Leif','Blagden','Sales Agent',1,'Leif.Blagden@BuzzwordSolutions.com',3),(424,425,'Davon','Perkins','Developer',2,'Davon.Perkins@BuzzwordSolutions.com',2),(425,426,'Ester','Lesmonde','Sales Agent',1,'Ester.Lesmonde@BuzzwordSolutions.com',3),(426,427,'Hana','Ivermee','Sales Agent',1,'Hana.Ivermee@BuzzwordSolutions.com',2),(427,428,'Shepherd','Barfford','Sales Agent',1,'Shepherd.Barfford@BuzzwordSolutions.com',1),(428,429,'Renado','Jewel','Developer',2,'Renado.Jewel@BuzzwordSolutions.com',2),(429,430,'Brien','Luckham','Sales Agent',1,'Brien.Luckham@BuzzwordSolutions.com',2),(430,431,'Siffre','Gage','Developer',2,'Siffre.Gage@BuzzwordSolutions.com',2),(431,432,'Candide','Dwane','Developer',2,'Candide.Dwane@BuzzwordSolutions.com',2),(432,433,'Benita','Balogh','Sales Agent',1,'Benita.Balogh@BuzzwordSolutions.com',1),(433,434,'Barnebas','Arangy','Developer',2,'Barnebas.Arangy@BuzzwordSolutions.com',1),(434,435,'Starr','MacTerlagh','Sales Agent',1,'Starr.MacTerlagh@BuzzwordSolutions.com',1),(435,436,'Berkeley','Hopkynson','Sales Agent',1,'Berkeley.Hopkynson@BuzzwordSolutions.com',2),(436,437,'Rodolphe','Esson','Sales Agent',1,'Rodolphe.Esson@BuzzwordSolutions.com',2),(437,438,'Denny','Errichiello','Developer',2,'Denny.Errichiello@BuzzwordSolutions.com',1),(438,439,'Theodora','Standbrook','Developer',2,'Theodora.Standbrook@BuzzwordSolutions.com',1),(439,440,'Germain','Pile','Developer',2,'Germain.Pile@BuzzwordSolutions.com',3),(440,441,'Annadiane','Franciottoi','Developer',2,'Annadiane.Franciottoi@BuzzwordSolutions.com',2),(441,442,'Paco','Riddiford','Sales Agent',1,'Paco.Riddiford@BuzzwordSolutions.com',2),(442,443,'Filbert','Quimby','Developer',2,'Filbert.Quimby@BuzzwordSolutions.com',2),(443,444,'Melonie','Leeman','Developer',2,'Melonie.Leeman@BuzzwordSolutions.com',2),(444,445,'Clay','Klimushev','Developer',2,'Clay.Klimushev@BuzzwordSolutions.com',2),(445,446,'Felic','Grzegorecki','Developer',2,'Felic.Grzegorecki@BuzzwordSolutions.com',3),(446,447,'Jany','Danilyuk','Developer',2,'Jany.Danilyuk@BuzzwordSolutions.com',1),(447,448,'Hildagard','Gasticke','Developer',2,'Hildagard.Gasticke@BuzzwordSolutions.com',1),(448,449,'Marris','Ridge','Sales Agent',1,'Marris.Ridge@BuzzwordSolutions.com',3),(449,450,'Mozes','Fyfe','Developer',2,'Mozes.Fyfe@BuzzwordSolutions.com',2),(450,451,'Urbano','Rubert','Sales Agent',1,'Urbano.Rubert@BuzzwordSolutions.com',2),(451,452,'Wendye','Finey','Sales Agent',1,'Wendye.Finey@BuzzwordSolutions.com',2),(452,453,'Connie','Eplett','Developer',2,'Connie.Eplett@BuzzwordSolutions.com',1),(453,454,'Muriel','Schohier','Sales Agent',1,'Muriel.Schohier@BuzzwordSolutions.com',5),(454,455,'Alejandra','Rainforth','Developer',2,'Alejandra.Rainforth@BuzzwordSolutions.com',3),(455,456,'Kip','Kigelman','Sales Agent',1,'Kip.Kigelman@BuzzwordSolutions.com',3),(456,457,'Hermie','Evenett','Sales Agent',1,'Hermie.Evenett@BuzzwordSolutions.com',1),(457,458,'Johnathan','Scullard','Developer',2,'Johnathan.Scullard@BuzzwordSolutions.com',3),(458,459,'Brodie','Laskey','Developer',2,'Brodie.Laskey@BuzzwordSolutions.com',2),(459,460,'Haleigh','Neilson','Developer',2,'Haleigh.Neilson@BuzzwordSolutions.com',2),(460,461,'Pietro','Delgardillo','Developer',2,'Pietro.Delgardillo@BuzzwordSolutions.com',1),(461,462,'Burton','Steadman','Developer',2,'Burton.Steadman@BuzzwordSolutions.com',3),(462,463,'Shurlock','Grigoroni','Developer',2,'Shurlock.Grigoroni@BuzzwordSolutions.com',2),(463,464,'Elmore','Boughtwood','Sales Agent',1,'Elmore.Boughtwood@BuzzwordSolutions.com',2),(464,465,'Augustine','Carcass','Sales Agent',1,'Augustine.Carcass@BuzzwordSolutions.com',3),(465,466,'Sara-ann','Magowan','Developer',2,'Sara-ann.Magowan@BuzzwordSolutions.com',3),(466,467,'Tobiah','Pymm','Developer',2,'Tobiah.Pymm@BuzzwordSolutions.com',1),(467,468,'Kathleen','Gheorghescu','Developer',2,'Kathleen.Gheorghescu@BuzzwordSolutions.com',2),(468,469,'Rozanna','Spir','Developer',2,'Rozanna.Spir@BuzzwordSolutions.com',2),(469,470,'Brett','Wollacott','Developer',2,'Brett.Wollacott@BuzzwordSolutions.com',3),(470,471,'Lauritz','Sponder','Developer',2,'Lauritz.Sponder@BuzzwordSolutions.com',3),(471,472,'Gardener','Benzing','Sales Agent',1,'Gardener.Benzing@BuzzwordSolutions.com',2),(472,473,'Lucais','Eagger','Developer',2,'Lucais.Eagger@BuzzwordSolutions.com',3),(473,474,'Bryanty','Danslow','Developer',2,'Bryanty.Danslow@BuzzwordSolutions.com',3),(474,475,'Ally','Leatt','Developer',2,'Ally.Leatt@BuzzwordSolutions.com',2),(475,476,'Grantley','Yurikov','Sales Agent',1,'Grantley.Yurikov@BuzzwordSolutions.com',2),(476,477,'Bessie','Kield','Developer',2,'Bessie.Kield@BuzzwordSolutions.com',1),(477,478,'Cayla','Fetteplace','Sales Agent',1,'Cayla.Fetteplace@BuzzwordSolutions.com',2),(478,479,'Melita','Dulen','Developer',2,'Melita.Dulen@BuzzwordSolutions.com',2),(479,480,'Boyce','Cayley','Developer',2,'Boyce.Cayley@BuzzwordSolutions.com',1),(480,481,'Gloria','Spadaro','Sales Agent',1,'Gloria.Spadaro@BuzzwordSolutions.com',3),(481,482,'Farica','Cressey','Developer',2,'Farica.Cressey@BuzzwordSolutions.com',4),(482,483,'Shea','Burstow','Sales Agent',1,'Shea.Burstow@BuzzwordSolutions.com',2),(483,484,'Gallard','Iacovucci','Developer',2,'Gallard.Iacovucci@BuzzwordSolutions.com',2),(484,485,'Morena','Farnill','Sales Agent',1,'Morena.Farnill@BuzzwordSolutions.com',3),(485,486,'Ramonda','Burner','Developer',2,'Ramonda.Burner@BuzzwordSolutions.com',1),(486,487,'Jo','Leggis','Developer',2,'Jo.Leggis@BuzzwordSolutions.com',1),(487,488,'Ingeberg','Annes','Developer',2,'Ingeberg.Annes@BuzzwordSolutions.com',5),(488,489,'Jerrie','Hankard','Developer',2,'Jerrie.Hankard@BuzzwordSolutions.com',2),(489,490,'Evelina','Vashchenko','Sales Agent',1,'Evelina.Vashchenko@BuzzwordSolutions.com',2),(490,491,'Sloan','Izak','Developer',2,'Sloan.Izak@BuzzwordSolutions.com',4),(491,492,'Briant','Beveredge','Developer',2,'Briant.Beveredge@BuzzwordSolutions.com',2),(492,493,'Deirdre','Bail','Sales Agent',1,'Deirdre.Bail@BuzzwordSolutions.com',3),(493,494,'Butch','Hentzer','Sales Agent',1,'Butch.Hentzer@BuzzwordSolutions.com',1),(494,495,'Lilias','McCosker','Sales Agent',1,'Lilias.McCosker@BuzzwordSolutions.com',2),(495,496,'Silvie','Tuddall','Sales Agent',1,'Silvie.Tuddall@BuzzwordSolutions.com',1),(496,497,'Margy','MacPike','Developer',2,'Margy.MacPike@BuzzwordSolutions.com',5),(497,498,'Chris','Troyes','Sales Agent',1,'Chris.Troyes@BuzzwordSolutions.com',3),(498,499,'Orsola','Halladey','Developer',2,'Orsola.Halladey@BuzzwordSolutions.com',5),(499,500,'Diana','Presswell','Developer',2,'Diana.Presswell@BuzzwordSolutions.com',3),(500,501,'Jimmie','MacDwyer','Sales Agent',1,'Jimmie.MacDwyer@BuzzwordSolutions.com',4),(501,502,'Malorie','Di Carli','Developer',2,'Malorie.Di Carli@BuzzwordSolutions.com',1),(502,503,'Roddie','Brislane','Developer',2,'Roddie.Brislane@BuzzwordSolutions.com',2),(503,504,'Griff','Petroselli','Developer',2,'Griff.Petroselli@BuzzwordSolutions.com',3),(504,505,'Arman','Kroon','Developer',2,'Arman.Kroon@BuzzwordSolutions.com',2),(505,506,'Maire','Cammidge','Developer',2,'Maire.Cammidge@BuzzwordSolutions.com',2),(506,507,'Rolf','Rafter','Developer',2,'Rolf.Rafter@BuzzwordSolutions.com',3),(507,508,'Roby','Geffen','Developer',2,'Roby.Geffen@BuzzwordSolutions.com',3),(508,509,'Launce','MacLaverty','Developer',2,'Launce.MacLaverty@BuzzwordSolutions.com',3),(509,510,'Doroteya','Kleinbaum','Sales Agent',1,'Doroteya.Kleinbaum@BuzzwordSolutions.com',3),(510,511,'Adah','Spriggin','Developer',2,'Adah.Spriggin@BuzzwordSolutions.com',4),(511,512,'Chris','Nuttall','Sales Agent',1,'Chris.Nuttall@BuzzwordSolutions.com',3),(512,513,'Jenifer','Kipping','Developer',2,'Jenifer.Kipping@BuzzwordSolutions.com',3),(513,514,'Farrel','Barstock','Developer',2,'Farrel.Barstock@BuzzwordSolutions.com',4),(514,515,'Correy','Mougeot','Developer',2,'Correy.Mougeot@BuzzwordSolutions.com',1),(515,516,'Maiga','Claesens','Developer',2,'Maiga.Claesens@BuzzwordSolutions.com',2),(516,517,'Berti','Ferbrache','Developer',2,'Berti.Ferbrache@BuzzwordSolutions.com',1),(517,518,'Eddi','Malster','Developer',2,'Eddi.Malster@BuzzwordSolutions.com',4),(518,519,'Elbertine','Say','Sales Agent',1,'Elbertine.Say@BuzzwordSolutions.com',5),(519,520,'Thatch','Hove','Developer',2,'Thatch.Hove@BuzzwordSolutions.com',3),(520,521,'Murry','Delacote','Developer',2,'Murry.Delacote@BuzzwordSolutions.com',1),(521,522,'Dulcinea','Brenneke','Developer',2,'Dulcinea.Brenneke@BuzzwordSolutions.com',1),(522,523,'Ilario','Bewshea','Developer',2,'Ilario.Bewshea@BuzzwordSolutions.com',2),(523,524,'Thatch','Kiddell','Developer',2,'Thatch.Kiddell@BuzzwordSolutions.com',1),(524,525,'Lonee','Heintz','Sales Agent',1,'Lonee.Heintz@BuzzwordSolutions.com',4),(525,526,'Vita','Sibille','Developer',2,'Vita.Sibille@BuzzwordSolutions.com',2),(526,527,'Deerdre','Banner','Developer',2,'Deerdre.Banner@BuzzwordSolutions.com',2),(527,528,'Keeley','Fernie','Developer',2,'Keeley.Fernie@BuzzwordSolutions.com',2),(528,529,'Giselbert','Icke','Sales Agent',1,'Giselbert.Icke@BuzzwordSolutions.com',2),(529,530,'Willard','Gockeler','Developer',2,'Willard.Gockeler@BuzzwordSolutions.com',3),(530,531,'Roxane','Shallcross','Developer',2,'Roxane.Shallcross@BuzzwordSolutions.com',2),(531,532,'Isador','Gymlett','Developer',2,'Isador.Gymlett@BuzzwordSolutions.com',2),(532,533,'Ahmad','Dudding','Sales Agent',1,'Ahmad.Dudding@BuzzwordSolutions.com',2),(533,534,'Josefina','Ricciardiello','Sales Agent',1,'Josefina.Ricciardiello@BuzzwordSolutions.com',2),(534,535,'Brandyn','Humes','Developer',2,'Brandyn.Humes@BuzzwordSolutions.com',3),(535,536,'Elizabeth','Roscrigg','Developer',2,'Elizabeth.Roscrigg@BuzzwordSolutions.com',3),(536,537,'Blakeley','McDuall','Sales Agent',1,'Blakeley.McDuall@BuzzwordSolutions.com',2),(537,538,'Melanie','Manolov','Sales Agent',1,'Melanie.Manolov@BuzzwordSolutions.com',1),(538,539,'Gaby','Callaghan','Developer',2,'Gaby.Callaghan@BuzzwordSolutions.com',2),(539,540,'Fulton','McConigal','Sales Agent',1,'Fulton.McConigal@BuzzwordSolutions.com',3),(540,541,'Meridith','Verick','Developer',2,'Meridith.Verick@BuzzwordSolutions.com',3),(541,542,'Mandel','Worledge','Sales Agent',1,'Mandel.Worledge@BuzzwordSolutions.com',2),(542,543,'Lise','Linne','Developer',2,'Lise.Linne@BuzzwordSolutions.com',2),(543,544,'Noach','Haily','Developer',2,'Noach.Haily@BuzzwordSolutions.com',5),(544,545,'Hubert','Looney','Developer',2,'Hubert.Looney@BuzzwordSolutions.com',1),(545,546,'Sapphira','Cudbertson','Sales Agent',1,'Sapphira.Cudbertson@BuzzwordSolutions.com',2),(546,547,'Llywellyn','Dach','Developer',2,'Llywellyn.Dach@BuzzwordSolutions.com',2),(547,548,'Ivar','Streatfield','Developer',2,'Ivar.Streatfield@BuzzwordSolutions.com',1),(548,549,'Estrella','O\'Spillane','Sales Agent',1,'Estrella.O\'Spillane@BuzzwordSolutions.com',3),(549,550,'Levon','Weafer','Developer',2,'Levon.Weafer@BuzzwordSolutions.com',1),(550,551,'Randell','McGilvary','Sales Agent',1,'Randell.McGilvary@BuzzwordSolutions.com',1),(551,552,'Becky','Pitkeathley','Developer',2,'Becky.Pitkeathley@BuzzwordSolutions.com',1),(552,553,'Berry','Scemp','Developer',2,'Berry.Scemp@BuzzwordSolutions.com',1),(553,554,'Theodosia','Knowlton','Developer',2,'Theodosia.Knowlton@BuzzwordSolutions.com',2),(554,555,'Bevon','Waker','Developer',2,'Bevon.Waker@BuzzwordSolutions.com',4),(555,556,'Vitoria','Combes','Developer',2,'Vitoria.Combes@BuzzwordSolutions.com',1),(556,557,'Dolph','Mc Dermid','Developer',2,'Dolph.Mc Dermid@BuzzwordSolutions.com',4),(557,558,'Nata','Condliffe','Sales Agent',1,'Nata.Condliffe@BuzzwordSolutions.com',1),(558,559,'Curt','Southan','Manager',1,'Curt.Southan@BuzzwordSolutions.com',1),(559,560,'Heloise','Haddleton','Sales Agent',1,'Heloise.Haddleton@BuzzwordSolutions.com',4),(560,561,'Jasen','Allicock','Sales Agent',1,'Jasen.Allicock@BuzzwordSolutions.com',2),(561,562,'Pascale','Sweatland','Sales Agent',1,'Pascale.Sweatland@BuzzwordSolutions.com',3),(562,563,'Kerrin','Dikelin','Sales Agent',1,'Kerrin.Dikelin@BuzzwordSolutions.com',1),(563,564,'Nancie','Sifflett','Developer',2,'Nancie.Sifflett@BuzzwordSolutions.com',2),(564,565,'Debbie','Benka','Developer',2,'Debbie.Benka@BuzzwordSolutions.com',3),(565,566,'Cordy','Vallintine','Developer',2,'Cordy.Vallintine@BuzzwordSolutions.com',3),(566,567,'Hamel','Landy','Developer',2,'Hamel.Landy@BuzzwordSolutions.com',3),(567,568,'Willis','Castilla','Developer',2,'Willis.Castilla@BuzzwordSolutions.com',1),(568,569,'Wynne','Sidebotton','Developer',2,'Wynne.Sidebotton@BuzzwordSolutions.com',1),(569,570,'Martelle','Jostan','Developer',2,'Martelle.Jostan@BuzzwordSolutions.com',2),(570,571,'Clem','Pebworth','Developer',2,'Clem.Pebworth@BuzzwordSolutions.com',1),(571,572,'Pieter','Hopfer','Developer',2,'Pieter.Hopfer@BuzzwordSolutions.com',2),(572,573,'Haleigh','Noice','Developer',2,'Haleigh.Noice@BuzzwordSolutions.com',1),(573,574,'Shae','Cudmore','Developer',2,'Shae.Cudmore@BuzzwordSolutions.com',2),(574,575,'Gleda','Denington','Sales Agent',1,'Gleda.Denington@BuzzwordSolutions.com',2),(575,576,'Casie','Berr','Sales Agent',1,'Casie.Berr@BuzzwordSolutions.com',1),(576,577,'Vassili','Eassom','Developer',2,'Vassili.Eassom@BuzzwordSolutions.com',1),(577,578,'Auguste','Tweed','Manager',1,'Auguste.Tweed@BuzzwordSolutions.com',3),(578,579,'Grenville','Cummungs','Developer',2,'Grenville.Cummungs@BuzzwordSolutions.com',3),(579,580,'Sissie','Clarkin','Sales Agent',1,'Sissie.Clarkin@BuzzwordSolutions.com',1),(580,581,'Fiorenze','Alberts','Developer',2,'Fiorenze.Alberts@BuzzwordSolutions.com',2),(581,582,'August','Mangenot','Developer',2,'August.Mangenot@BuzzwordSolutions.com',2),(582,583,'Tamera','Bhatia','Developer',2,'Tamera.Bhatia@BuzzwordSolutions.com',3),(583,584,'Winnifred','Densell','Developer',2,'Winnifred.Densell@BuzzwordSolutions.com',1),(584,585,'Jaime','Bates','Developer',2,'Jaime.Bates@BuzzwordSolutions.com',4),(585,586,'Archibaldo','Neissen','Developer',2,'Archibaldo.Neissen@BuzzwordSolutions.com',4),(586,587,'Justinian','Leadstone','Developer',2,'Justinian.Leadstone@BuzzwordSolutions.com',3),(587,588,'Rowe','Hawtrey','Developer',2,'Rowe.Hawtrey@BuzzwordSolutions.com',2),(588,589,'Lyon','Sugarman','Sales Agent',1,'Lyon.Sugarman@BuzzwordSolutions.com',2),(589,590,'Xever','Ashwin','Developer',2,'Xever.Ashwin@BuzzwordSolutions.com',2),(590,591,'Gizela','Lewendon','Developer',2,'Gizela.Lewendon@BuzzwordSolutions.com',1),(591,592,'Ambrosius','Vieyra','Developer',2,'Ambrosius.Vieyra@BuzzwordSolutions.com',2),(592,593,'Lynea','Zywicki','Sales Agent',1,'Lynea.Zywicki@BuzzwordSolutions.com',2),(593,594,'Charles','Barhams','Sales Agent',1,'Charles.Barhams@BuzzwordSolutions.com',1),(594,595,'Melitta','Temlett','Developer',2,'Melitta.Temlett@BuzzwordSolutions.com',1),(595,596,'Caesar','Kelmere','Developer',2,'Caesar.Kelmere@BuzzwordSolutions.com',2),(596,597,'Desdemona','Pragnell','Developer',2,'Desdemona.Pragnell@BuzzwordSolutions.com',3),(597,598,'Emmott','Seif','Sales Agent',1,'Emmott.Seif@BuzzwordSolutions.com',1),(598,599,'Kipp','Icom','Sales Agent',1,'Kipp.Icom@BuzzwordSolutions.com',2),(599,600,'Quincey','Benbough','Developer',2,'Quincey.Benbough@BuzzwordSolutions.com',5),(600,601,'Bronnie','Hembrow','Sales Agent',1,'Bronnie.Hembrow@BuzzwordSolutions.com',2),(601,602,'Janene','Camelli','Developer',2,'Janene.Camelli@BuzzwordSolutions.com',2),(602,603,'Corey','Tomkies','Developer',2,'Corey.Tomkies@BuzzwordSolutions.com',5),(603,604,'Kennan','Matijevic','Developer',2,'Kennan.Matijevic@BuzzwordSolutions.com',2),(604,605,'Justinian','Wyrill','Sales Agent',1,'Justinian.Wyrill@BuzzwordSolutions.com',2),(605,606,'Otto','Eager','Sales Agent',1,'Otto.Eager@BuzzwordSolutions.com',2),(606,607,'Dwayne','Reary','Developer',2,'Dwayne.Reary@BuzzwordSolutions.com',4),(607,608,'Zsa zsa','Marlon','Sales Agent',1,'Zsa zsa.Marlon@BuzzwordSolutions.com',3),(608,609,'Lee','Moughton','Developer',2,'Lee.Moughton@BuzzwordSolutions.com',2),(609,610,'Angelique','Lehemann','Sales Agent',1,'Angelique.Lehemann@BuzzwordSolutions.com',1),(610,611,'Lexie','Chrisp','Developer',2,'Lexie.Chrisp@BuzzwordSolutions.com',3),(611,612,'Evonne','Dooney','Developer',2,'Evonne.Dooney@BuzzwordSolutions.com',2),(612,613,'Samson','Licas','Sales Agent',1,'Samson.Licas@BuzzwordSolutions.com',2),(613,614,'Bondy','O\'Neil','Sales Agent',1,'Bondy.O\'Neil@BuzzwordSolutions.com',3),(614,615,'Joane','Ruffli','Sales Agent',1,'Joane.Ruffli@BuzzwordSolutions.com',1),(615,616,'Selle','Sharphurst','Developer',2,'Selle.Sharphurst@BuzzwordSolutions.com',2),(616,617,'Demetre','Cassely','Developer',2,'Demetre.Cassely@BuzzwordSolutions.com',3),(617,618,'Clifford','Keohane','Developer',2,'Clifford.Keohane@BuzzwordSolutions.com',2),(618,619,'Marigold','McArthur','Sales Agent',1,'Marigold.McArthur@BuzzwordSolutions.com',1),(619,620,'Rayna','Diamant','Sales Agent',1,'Rayna.Diamant@BuzzwordSolutions.com',3),(620,621,'Nikita','Berka','Sales Agent',1,'Nikita.Berka@BuzzwordSolutions.com',4),(621,622,'Midge','Rawkesby','Sales Agent',1,'Midge.Rawkesby@BuzzwordSolutions.com',2),(622,623,'Aleda','Attard','Developer',2,'Aleda.Attard@BuzzwordSolutions.com',3),(623,624,'Catherine','Deeble','Sales Agent',1,'Catherine.Deeble@BuzzwordSolutions.com',1),(624,625,'Nata','Edinborough','Developer',2,'Nata.Edinborough@BuzzwordSolutions.com',3),(625,626,'Gabe','Iacopo','Developer',2,'Gabe.Iacopo@BuzzwordSolutions.com',5),(626,627,'Craggy','Kaye','Sales Agent',1,'Craggy.Kaye@BuzzwordSolutions.com',2),(627,628,'Lexie','L\' Estrange','Developer',2,'Lexie.L\' Estrange@BuzzwordSolutions.com',2),(628,629,'Denys','Burel','Sales Agent',1,'Denys.Burel@BuzzwordSolutions.com',2),(629,630,'Ellynn','Beetham','Sales Agent',1,'Ellynn.Beetham@BuzzwordSolutions.com',2),(630,631,'Clay','McNea','Developer',2,'Clay.McNea@BuzzwordSolutions.com',3),(631,632,'Catharina','Vayne','Developer',2,'Catharina.Vayne@BuzzwordSolutions.com',4),(632,633,'Alena','Bengtson','Sales Agent',1,'Alena.Bengtson@BuzzwordSolutions.com',2),(633,634,'Percy','Molines','Developer',2,'Percy.Molines@BuzzwordSolutions.com',2),(634,635,'Arlyn','Locksley','Manager',1,'Arlyn.Locksley@BuzzwordSolutions.com',1),(635,636,'Lizabeth','Tumulty','Developer',2,'Lizabeth.Tumulty@BuzzwordSolutions.com',1),(636,637,'Gusti','Firpo','Developer',2,'Gusti.Firpo@BuzzwordSolutions.com',1),(637,638,'Yardley','Dougal','Developer',2,'Yardley.Dougal@BuzzwordSolutions.com',2),(638,639,'Paloma','Foort','Sales Agent',1,'Paloma.Foort@BuzzwordSolutions.com',2),(639,640,'Catlaina','Henker','Developer',2,'Catlaina.Henker@BuzzwordSolutions.com',1),(640,641,'Dagmar','Lydon','Sales Agent',1,'Dagmar.Lydon@BuzzwordSolutions.com',2),(641,642,'Annecorinne','Sircomb','Developer',2,'Annecorinne.Sircomb@BuzzwordSolutions.com',3),(642,643,'Budd','Capponer','Developer',2,'Budd.Capponer@BuzzwordSolutions.com',2),(643,644,'Clary','Del Dello','Sales Agent',1,'Clary.Del Dello@BuzzwordSolutions.com',2),(644,645,'Dorthy','Kilbee','Developer',2,'Dorthy.Kilbee@BuzzwordSolutions.com',2),(645,646,'Peta','Negri','Sales Agent',1,'Peta.Negri@BuzzwordSolutions.com',3),(646,647,'Cherlyn','Makey','Developer',2,'Cherlyn.Makey@BuzzwordSolutions.com',3),(647,648,'Madelaine','Doeg','Developer',2,'Madelaine.Doeg@BuzzwordSolutions.com',1),(648,649,'Ceil','McColgan','Sales Agent',1,'Ceil.McColgan@BuzzwordSolutions.com',2),(649,650,'Alfie','Cottem','Developer',2,'Alfie.Cottem@BuzzwordSolutions.com',2),(650,651,'Elysha','Nardi','Sales Agent',1,'Elysha.Nardi@BuzzwordSolutions.com',2),(651,652,'Ursa','MacQueen','Developer',2,'Ursa.MacQueen@BuzzwordSolutions.com',1),(652,653,'Jaymie','Dhillon','Developer',2,'Jaymie.Dhillon@BuzzwordSolutions.com',2),(653,654,'Marillin','Antoniat','Sales Agent',1,'Marillin.Antoniat@BuzzwordSolutions.com',1),(654,655,'Chas','Mochar','Developer',2,'Chas.Mochar@BuzzwordSolutions.com',3),(655,656,'Mignonne','Notman','Sales Agent',1,'Mignonne.Notman@BuzzwordSolutions.com',2),(656,657,'Maureene','Flindall','Developer',2,'Maureene.Flindall@BuzzwordSolutions.com',2),(657,658,'Charisse','Bowskill','Sales Agent',1,'Charisse.Bowskill@BuzzwordSolutions.com',3),(658,659,'Joleen','Fishbie','Manager',3,'Joleen.Fishbie@BuzzwordSolutions.com',1),(659,660,'Ruthie','Lippard','Developer',2,'Ruthie.Lippard@BuzzwordSolutions.com',2),(660,661,'Faulkner','Labrum','Developer',2,'Faulkner.Labrum@BuzzwordSolutions.com',5),(661,662,'Agnella','MacNamee','Sales Agent',1,'Agnella.MacNamee@BuzzwordSolutions.com',2),(662,663,'Renate','Rope','Developer',2,'Renate.Rope@BuzzwordSolutions.com',1),(663,664,'Barthel','Gummoe','Sales Agent',1,'Barthel.Gummoe@BuzzwordSolutions.com',2),(664,665,'Mirelle','Cowlam','Developer',2,'Mirelle.Cowlam@BuzzwordSolutions.com',2),(665,666,'Sophronia','Sparke','Developer',2,'Sophronia.Sparke@BuzzwordSolutions.com',1),(666,667,'Barnabas','Blackborne','Developer',2,'Barnabas.Blackborne@BuzzwordSolutions.com',3),(667,668,'Dori','Slimon','Developer',2,'Dori.Slimon@BuzzwordSolutions.com',3),(668,669,'Robb','Bettis','Developer',2,'Robb.Bettis@BuzzwordSolutions.com',3),(669,670,'Aarika','Crimes','Developer',2,'Aarika.Crimes@BuzzwordSolutions.com',1),(670,671,'Perri','Fernando','Sales Agent',1,'Perri.Fernando@BuzzwordSolutions.com',3),(671,672,'Fidole','McAreavey','Developer',2,'Fidole.McAreavey@BuzzwordSolutions.com',2),(672,673,'Daffy','Lorens','Developer',2,'Daffy.Lorens@BuzzwordSolutions.com',1),(673,674,'Manon','Bater','Developer',2,'Manon.Bater@BuzzwordSolutions.com',1),(674,675,'Dede','Stodd','Developer',2,'Dede.Stodd@BuzzwordSolutions.com',2),(675,676,'Cliff','Morit','Developer',2,'Cliff.Morit@BuzzwordSolutions.com',3),(676,677,'Brose','Elmhurst','Sales Agent',1,'Brose.Elmhurst@BuzzwordSolutions.com',2),(677,678,'Vivyanne','Renac','Sales Agent',1,'Vivyanne.Renac@BuzzwordSolutions.com',1),(678,679,'Kordula','Buard','Sales Agent',1,'Kordula.Buard@BuzzwordSolutions.com',2),(679,680,'Redd','Fenna','Developer',2,'Redd.Fenna@BuzzwordSolutions.com',2),(680,681,'Ted','Dohmann','Developer',2,'Ted.Dohmann@BuzzwordSolutions.com',2),(681,682,'Corey','Dri','Sales Agent',1,'Corey.Dri@BuzzwordSolutions.com',3),(682,683,'Sharlene','Lammers','Sales Agent',1,'Sharlene.Lammers@BuzzwordSolutions.com',1),(683,684,'Levey','Portman','Developer',2,'Levey.Portman@BuzzwordSolutions.com',4),(684,685,'Wilma','Bounde','Developer',2,'Wilma.Bounde@BuzzwordSolutions.com',2),(685,686,'Chiarra','Pervoe','Developer',2,'Chiarra.Pervoe@BuzzwordSolutions.com',1),(686,687,'Bess','Colgan','Developer',2,'Bess.Colgan@BuzzwordSolutions.com',5),(687,688,'Trevar','Mackin','Developer',2,'Trevar.Mackin@BuzzwordSolutions.com',4),(688,689,'Todd','Pavlenko','Developer',2,'Todd.Pavlenko@BuzzwordSolutions.com',5),(689,690,'Ricca','Garham','Developer',2,'Ricca.Garham@BuzzwordSolutions.com',2),(690,691,'Beryle','Ferrarese','Developer',2,'Beryle.Ferrarese@BuzzwordSolutions.com',3),(691,692,'Pauly','McGowing','Developer',2,'Pauly.McGowing@BuzzwordSolutions.com',3),(692,693,'Katleen','Hatherley','Developer',2,'Katleen.Hatherley@BuzzwordSolutions.com',2),(693,694,'Brendis','Moogan','Developer',2,'Brendis.Moogan@BuzzwordSolutions.com',2),(694,695,'Nadean','Ebanks','Developer',2,'Nadean.Ebanks@BuzzwordSolutions.com',1),(695,696,'Aubree','Gamell','Sales Agent',1,'Aubree.Gamell@BuzzwordSolutions.com',1),(696,697,'Helaine','Shropsheir','Developer',2,'Helaine.Shropsheir@BuzzwordSolutions.com',1),(697,698,'Bonnee','Elphinstone','Developer',2,'Bonnee.Elphinstone@BuzzwordSolutions.com',1),(698,699,'Fax','Litzmann','Developer',2,'Fax.Litzmann@BuzzwordSolutions.com',1),(699,700,'Klarika','Oxley','Sales Agent',1,'Klarika.Oxley@BuzzwordSolutions.com',3),(700,701,'Eliza','Balma','Developer',2,'Eliza.Balma@BuzzwordSolutions.com',2),(701,702,'Harlin','Connichie','Developer',2,'Harlin.Connichie@BuzzwordSolutions.com',3),(702,703,'Allissa','Tindley','Developer',2,'Allissa.Tindley@BuzzwordSolutions.com',3),(703,704,'Becca','Armatidge','Sales Agent',1,'Becca.Armatidge@BuzzwordSolutions.com',2),(704,705,'Audrie','Crosskill','Developer',2,'Audrie.Crosskill@BuzzwordSolutions.com',2),(705,706,'Helen-elizabeth','Trowle','Developer',2,'Helen-elizabeth.Trowle@BuzzwordSolutions.com',2),(706,707,'Madella','Pardi','Developer',2,'Madella.Pardi@BuzzwordSolutions.com',2),(707,708,'Dita','Martinovic','Developer',2,'Dita.Martinovic@BuzzwordSolutions.com',2),(708,709,'Erasmus','Warratt','Developer',2,'Erasmus.Warratt@BuzzwordSolutions.com',2),(709,710,'Farrell','Elwill','Developer',2,'Farrell.Elwill@BuzzwordSolutions.com',2),(710,711,'Newton','Weekes','Sales Agent',1,'Newton.Weekes@BuzzwordSolutions.com',2),(711,712,'Eimile','Handscomb','Sales Agent',1,'Eimile.Handscomb@BuzzwordSolutions.com',3),(712,713,'Benedetta','Budgeon','Developer',2,'Benedetta.Budgeon@BuzzwordSolutions.com',2),(713,714,'Ibby','Sogg','Sales Agent',1,'Ibby.Sogg@BuzzwordSolutions.com',2),(714,715,'Jeanine','Yeulet','Developer',2,'Jeanine.Yeulet@BuzzwordSolutions.com',3),(715,716,'Julie','Washtell','Sales Agent',1,'Julie.Washtell@BuzzwordSolutions.com',2),(716,717,'Pauletta','Pagram','Developer',2,'Pauletta.Pagram@BuzzwordSolutions.com',3),(717,718,'Herve','Lamont','Sales Agent',1,'Herve.Lamont@BuzzwordSolutions.com',5),(718,719,'Laurice','Diemer','Developer',2,'Laurice.Diemer@BuzzwordSolutions.com',2),(719,720,'Marysa','Eastabrook','Developer',2,'Marysa.Eastabrook@BuzzwordSolutions.com',2),(720,721,'Frazier','Morican','Developer',2,'Frazier.Morican@BuzzwordSolutions.com',2),(721,722,'Harrietta','Pettecrew','Developer',2,'Harrietta.Pettecrew@BuzzwordSolutions.com',1),(722,723,'Reta','Chelley','Sales Agent',1,'Reta.Chelley@BuzzwordSolutions.com',3),(723,724,'Karlen','Boyton','Sales Agent',1,'Karlen.Boyton@BuzzwordSolutions.com',1),(724,725,'Conroy','Cornock','Sales Agent',1,'Conroy.Cornock@BuzzwordSolutions.com',2),(725,726,'Fernande','Lafford','Sales Agent',1,'Fernande.Lafford@BuzzwordSolutions.com',2),(726,727,'Roderigo','Barnard','Sales Agent',1,'Roderigo.Barnard@BuzzwordSolutions.com',2),(727,728,'Rinaldo','Fairlie','Sales Agent',1,'Rinaldo.Fairlie@BuzzwordSolutions.com',1),(728,729,'Abigael','Rishworth','Developer',2,'Abigael.Rishworth@BuzzwordSolutions.com',2),(729,730,'Hardy','Robuchon','Developer',2,'Hardy.Robuchon@BuzzwordSolutions.com',2),(730,731,'Mark','D\'Antonio','Developer',2,'Mark.D\'Antonio@BuzzwordSolutions.com',2),(731,732,'Andee','Fronks','Sales Agent',1,'Andee.Fronks@BuzzwordSolutions.com',2),(732,733,'Lizette','Cannam','Sales Agent',1,'Lizette.Cannam@BuzzwordSolutions.com',2),(733,734,'Arluene','Pering','Developer',2,'Arluene.Pering@BuzzwordSolutions.com',2),(734,735,'Hy','Westfalen','Developer',2,'Hy.Westfalen@BuzzwordSolutions.com',3),(735,736,'Brose','Stanlock','Developer',2,'Brose.Stanlock@BuzzwordSolutions.com',2),(736,737,'Wynn','Le Prevost','Developer',2,'Wynn.Le Prevost@BuzzwordSolutions.com',3),(737,738,'Paola','Klass','Developer',2,'Paola.Klass@BuzzwordSolutions.com',3),(738,739,'Lisle','Hopfner','Developer',2,'Lisle.Hopfner@BuzzwordSolutions.com',2),(739,740,'Peta','MacNeil','Manager',3,'Peta.MacNeil@BuzzwordSolutions.com',1),(740,741,'Byram','McSorley','Developer',2,'Byram.McSorley@BuzzwordSolutions.com',1),(741,742,'Heida','Ratke','Manager',1,'Heida.Ratke@BuzzwordSolutions.com',4),(742,743,'Carrie','Conti','Sales Agent',1,'Carrie.Conti@BuzzwordSolutions.com',3),(743,744,'Mireille','Casero','Developer',2,'Mireille.Casero@BuzzwordSolutions.com',3),(744,745,'Desmund','Davidy','Sales Agent',1,'Desmund.Davidy@BuzzwordSolutions.com',2),(745,746,'Joe','Bahls','Sales Agent',1,'Joe.Bahls@BuzzwordSolutions.com',1),(746,747,'Mordy','Ausiello','Sales Agent',1,'Mordy.Ausiello@BuzzwordSolutions.com',3),(747,748,'Celestine','Farlambe','Developer',2,'Celestine.Farlambe@BuzzwordSolutions.com',4),(748,749,'Laura','Matousek','Developer',2,'Laura.Matousek@BuzzwordSolutions.com',3),(749,750,'Rudolph','Nussey','Sales Agent',1,'Rudolph.Nussey@BuzzwordSolutions.com',1),(750,751,'Olav','Wennington','Developer',2,'Olav.Wennington@BuzzwordSolutions.com',2),(751,752,'Flor','Daverin','Developer',2,'Flor.Daverin@BuzzwordSolutions.com',3),(752,753,'Beatriz','Broadstock','Sales Agent',1,'Beatriz.Broadstock@BuzzwordSolutions.com',4),(753,754,'Colan','Arnaut','Sales Agent',1,'Colan.Arnaut@BuzzwordSolutions.com',2),(754,755,'Selena','Nairne','Sales Agent',1,'Selena.Nairne@BuzzwordSolutions.com',2),(755,756,'Spike','Eakins','Developer',2,'Spike.Eakins@BuzzwordSolutions.com',2),(756,757,'Kacey','Zimek','Developer',2,'Kacey.Zimek@BuzzwordSolutions.com',2),(757,758,'Hymie','Mannooch','Developer',2,'Hymie.Mannooch@BuzzwordSolutions.com',3),(758,759,'Cullie','Vaughn','Developer',2,'Cullie.Vaughn@BuzzwordSolutions.com',2),(759,760,'Boigie','Stripling','Sales Agent',1,'Boigie.Stripling@BuzzwordSolutions.com',4),(760,761,'Celeste','Mealiffe','Developer',2,'Celeste.Mealiffe@BuzzwordSolutions.com',2),(761,762,'Marisa','Hallworth','Developer',2,'Marisa.Hallworth@BuzzwordSolutions.com',3),(762,763,'Betti','Rockingham','Developer',2,'Betti.Rockingham@BuzzwordSolutions.com',5),(763,764,'Floris','Talton','Developer',2,'Floris.Talton@BuzzwordSolutions.com',3),(764,765,'Renae','Lingard','Sales Agent',1,'Renae.Lingard@BuzzwordSolutions.com',2),(765,766,'Archy','Alenin','Developer',2,'Archy.Alenin@BuzzwordSolutions.com',1),(766,767,'Webster','McUre','Sales Agent',1,'Webster.McUre@BuzzwordSolutions.com',2),(767,768,'Ursa','Fabri','Developer',2,'Ursa.Fabri@BuzzwordSolutions.com',3),(768,769,'Keelby','Iuorio','Developer',2,'Keelby.Iuorio@BuzzwordSolutions.com',2),(769,770,'Michail','Rohan','Sales Agent',1,'Michail.Rohan@BuzzwordSolutions.com',2),(770,771,'Gabriella','Thaxton','Developer',2,'Gabriella.Thaxton@BuzzwordSolutions.com',5),(771,772,'Brooks','Bambrick','Sales Agent',1,'Brooks.Bambrick@BuzzwordSolutions.com',1),(772,773,'Krissie','McNeillie','Developer',2,'Krissie.McNeillie@BuzzwordSolutions.com',3),(773,774,'Ashby','Corrado','Developer',2,'Ashby.Corrado@BuzzwordSolutions.com',2),(774,775,'Myrilla','Henden','Developer',2,'Myrilla.Henden@BuzzwordSolutions.com',2),(775,776,'Melosa','Aspital','Developer',2,'Melosa.Aspital@BuzzwordSolutions.com',1),(776,777,'Charlene','Taunton.','Developer',2,'Charlene.Taunton.@BuzzwordSolutions.com',3),(777,778,'Quill','Terrell','Developer',2,'Quill.Terrell@BuzzwordSolutions.com',2),(778,779,'Suzi','Iacoboni','Developer',2,'Suzi.Iacoboni@BuzzwordSolutions.com',3),(779,780,'Tobe','Meindl','Developer',2,'Tobe.Meindl@BuzzwordSolutions.com',1),(780,781,'Chev','Dabels','Sales Agent',1,'Chev.Dabels@BuzzwordSolutions.com',2),(781,782,'Bryanty','Jackes','Developer',2,'Bryanty.Jackes@BuzzwordSolutions.com',2),(782,783,'Rayna','Eakin','Developer',2,'Rayna.Eakin@BuzzwordSolutions.com',2),(783,784,'Trudey','Di Maggio','Developer',2,'Trudey.Di Maggio@BuzzwordSolutions.com',2),(784,785,'Elianore','Bagehot','Developer',2,'Elianore.Bagehot@BuzzwordSolutions.com',5),(785,786,'Eveleen','Geillier','Developer',2,'Eveleen.Geillier@BuzzwordSolutions.com',3),(786,787,'Hortensia','Nan Carrow','Sales Agent',1,'Hortensia.Nan Carrow@BuzzwordSolutions.com',3),(787,788,'Melany','Santry','Sales Agent',1,'Melany.Santry@BuzzwordSolutions.com',2),(788,789,'Fanya','Stonard','Developer',2,'Fanya.Stonard@BuzzwordSolutions.com',2),(789,790,'Porter','Ducker','Developer',2,'Porter.Ducker@BuzzwordSolutions.com',2),(790,791,'Gerry','Mertel','Sales Agent',1,'Gerry.Mertel@BuzzwordSolutions.com',4),(791,792,'Lorianna','Gaudin','Sales Agent',1,'Lorianna.Gaudin@BuzzwordSolutions.com',3),(792,793,'Thia','Atterley','Developer',2,'Thia.Atterley@BuzzwordSolutions.com',2),(793,794,'Frasier','Waltering','Developer',2,'Frasier.Waltering@BuzzwordSolutions.com',2),(794,795,'Wally','Penella','Developer',2,'Wally.Penella@BuzzwordSolutions.com',2),(795,796,'Jerrylee','Brushneen','Developer',2,'Jerrylee.Brushneen@BuzzwordSolutions.com',1),(796,797,'Chico','Thornton-Dewhirst','Sales Agent',1,'Chico.Thornton-Dewhirst@BuzzwordSolutions.com',1),(797,798,'Perceval','Girdler','Developer',2,'Perceval.Girdler@BuzzwordSolutions.com',1),(798,799,'Trisha','Terzo','Developer',2,'Trisha.Terzo@BuzzwordSolutions.com',2),(799,800,'Jamie','Hinks','Developer',2,'Jamie.Hinks@BuzzwordSolutions.com',3),(800,801,'Lindon','Freeberne','Developer',2,'Lindon.Freeberne@BuzzwordSolutions.com',1),(801,802,'Anders','Emmerson','Developer',2,'Anders.Emmerson@BuzzwordSolutions.com',2),(802,803,'Estrellita','Foulsham','Developer',2,'Estrellita.Foulsham@BuzzwordSolutions.com',4),(803,804,'Mellie','Strongitharm','Developer',2,'Mellie.Strongitharm@BuzzwordSolutions.com',4),(804,805,'Leonhard','M\'cowis','Developer',2,'Leonhard.M\'cowis@BuzzwordSolutions.com',1),(805,806,'Bertie','Prayer','Sales Agent',1,'Bertie.Prayer@BuzzwordSolutions.com',2),(806,807,'Arabella','Crockford','Developer',2,'Arabella.Crockford@BuzzwordSolutions.com',1),(807,808,'Oran','Lancley','Manager',2,'Oran.Lancley@BuzzwordSolutions.com',2),(808,809,'Britt','Rubinovitch','Developer',2,'Britt.Rubinovitch@BuzzwordSolutions.com',3),(809,810,'Dian','Seiffert','Developer',2,'Dian.Seiffert@BuzzwordSolutions.com',4),(810,811,'Werner','Chesney','Developer',2,'Werner.Chesney@BuzzwordSolutions.com',3),(811,812,'Olympia','Klosges','Developer',2,'Olympia.Klosges@BuzzwordSolutions.com',3),(812,813,'Perceval','Caville','Developer',2,'Perceval.Caville@BuzzwordSolutions.com',2),(813,814,'Flory','Kennifeck','Developer',2,'Flory.Kennifeck@BuzzwordSolutions.com',2),(814,815,'Poppy','Gianiello','Developer',2,'Poppy.Gianiello@BuzzwordSolutions.com',3),(815,816,'Jasen','Skellen','Developer',2,'Jasen.Skellen@BuzzwordSolutions.com',1),(816,817,'Tasia','Ayliffe','Developer',2,'Tasia.Ayliffe@BuzzwordSolutions.com',2),(817,818,'Monte','Shedden','Developer',2,'Monte.Shedden@BuzzwordSolutions.com',2),(818,819,'Manon','Winpenny','Developer',2,'Manon.Winpenny@BuzzwordSolutions.com',2),(819,820,'Shalne','Newdick','Sales Agent',1,'Shalne.Newdick@BuzzwordSolutions.com',1),(820,821,'Leonelle','Cargen','Sales Agent',1,'Leonelle.Cargen@BuzzwordSolutions.com',2),(821,822,'Karrah','Czadla','Developer',2,'Karrah.Czadla@BuzzwordSolutions.com',1),(822,823,'Donnamarie','Pellissier','Developer',2,'Donnamarie.Pellissier@BuzzwordSolutions.com',3),(823,824,'Ramon','Bewsey','Developer',2,'Ramon.Bewsey@BuzzwordSolutions.com',3),(824,825,'Meridel','Capnerhurst','Developer',2,'Meridel.Capnerhurst@BuzzwordSolutions.com',3),(825,826,'Wyatt','Satterlee','Developer',2,'Wyatt.Satterlee@BuzzwordSolutions.com',1),(826,827,'Cort','Ockendon','Developer',2,'Cort.Ockendon@BuzzwordSolutions.com',1),(827,828,'Celeste','Woodland','Developer',2,'Celeste.Woodland@BuzzwordSolutions.com',3),(828,829,'Katina','Alishoner','Sales Agent',1,'Katina.Alishoner@BuzzwordSolutions.com',2),(829,830,'Allina','Himpson','Sales Agent',1,'Allina.Himpson@BuzzwordSolutions.com',3),(830,831,'Paulie','Alenichicov','Developer',2,'Paulie.Alenichicov@BuzzwordSolutions.com',4),(831,832,'Faunie','Espada','Developer',2,'Faunie.Espada@BuzzwordSolutions.com',1),(832,833,'Lucille','Rimour','Developer',2,'Lucille.Rimour@BuzzwordSolutions.com',1),(833,834,'Gaile','Menego','Developer',2,'Gaile.Menego@BuzzwordSolutions.com',2),(834,835,'Raimondo','Bartolomieu','Developer',2,'Raimondo.Bartolomieu@BuzzwordSolutions.com',2),(835,836,'Millisent','Ithell','Developer',2,'Millisent.Ithell@BuzzwordSolutions.com',2),(836,837,'Cosimo','Barta','Developer',2,'Cosimo.Barta@BuzzwordSolutions.com',3),(837,838,'Fonz','Londors','Sales Agent',1,'Fonz.Londors@BuzzwordSolutions.com',1),(838,839,'Craig','Shirt','Sales Agent',1,'Craig.Shirt@BuzzwordSolutions.com',1),(839,840,'Toby','Walmsley','Developer',2,'Toby.Walmsley@BuzzwordSolutions.com',3),(840,841,'Tessi','Knapp','Developer',2,'Tessi.Knapp@BuzzwordSolutions.com',1),(841,842,'Atlante','Mothersole','Developer',2,'Atlante.Mothersole@BuzzwordSolutions.com',2),(842,843,'Nessie','Degoe','Developer',2,'Nessie.Degoe@BuzzwordSolutions.com',1),(843,844,'Leigha','Leibold','Developer',2,'Leigha.Leibold@BuzzwordSolutions.com',1),(844,845,'Luce','Gregol','Developer',2,'Luce.Gregol@BuzzwordSolutions.com',2),(845,846,'Jarib','Riggulsford','Sales Agent',1,'Jarib.Riggulsford@BuzzwordSolutions.com',1),(846,847,'Esta','Mainz','Developer',2,'Esta.Mainz@BuzzwordSolutions.com',2),(847,848,'Pauline','Brader','Developer',2,'Pauline.Brader@BuzzwordSolutions.com',3),(848,849,'Annmaria','Prazor','Developer',2,'Annmaria.Prazor@BuzzwordSolutions.com',2),(849,850,'Walliw','Patience','Manager',2,'Walliw.Patience@BuzzwordSolutions.com',3),(850,851,'Nigel','Townby','Developer',2,'Nigel.Townby@BuzzwordSolutions.com',1),(851,852,'Jeane','Cadle','Sales Agent',1,'Jeane.Cadle@BuzzwordSolutions.com',4),(852,853,'Minne','Tenaunt','Sales Agent',1,'Minne.Tenaunt@BuzzwordSolutions.com',2),(853,854,'Leanora','Dewhirst','Developer',2,'Leanora.Dewhirst@BuzzwordSolutions.com',1),(854,855,'Arlette','Dorian','Sales Agent',1,'Arlette.Dorian@BuzzwordSolutions.com',3),(855,856,'Magdalene','Ferron','Sales Agent',1,'Magdalene.Ferron@BuzzwordSolutions.com',3),(856,857,'Ermina','Wiley','Developer',2,'Ermina.Wiley@BuzzwordSolutions.com',3),(857,858,'Denver','Scimoni','Developer',2,'Denver.Scimoni@BuzzwordSolutions.com',2),(858,859,'Francene','Whitmarsh','Sales Agent',1,'Francene.Whitmarsh@BuzzwordSolutions.com',5),(859,860,'Clayson','Angeli','Developer',2,'Clayson.Angeli@BuzzwordSolutions.com',2),(860,861,'Ruby','MacCole','Developer',2,'Ruby.MacCole@BuzzwordSolutions.com',5),(861,862,'Andriana','Elcoate','Sales Agent',1,'Andriana.Elcoate@BuzzwordSolutions.com',2),(862,863,'Lani','Manthroppe','Developer',2,'Lani.Manthroppe@BuzzwordSolutions.com',2),(863,864,'Nappie','Librey','Developer',2,'Nappie.Librey@BuzzwordSolutions.com',1),(864,865,'Flori','Ruler','Developer',2,'Flori.Ruler@BuzzwordSolutions.com',4),(865,866,'Grethel','McBeith','Developer',2,'Grethel.McBeith@BuzzwordSolutions.com',2),(866,867,'Torie','Hamshar','Sales Agent',1,'Torie.Hamshar@BuzzwordSolutions.com',1),(867,868,'Bathsheba','Arderne','Developer',2,'Bathsheba.Arderne@BuzzwordSolutions.com',1),(868,869,'Carmon','Tomovic','Developer',2,'Carmon.Tomovic@BuzzwordSolutions.com',1),(869,870,'Hammad','Haldenby','Sales Agent',1,'Hammad.Haldenby@BuzzwordSolutions.com',2),(870,871,'Raynard','Maric','Developer',2,'Raynard.Maric@BuzzwordSolutions.com',2),(871,872,'Frederica','Caghan','Developer',2,'Frederica.Caghan@BuzzwordSolutions.com',1),(872,873,'Reuben','Bolden','Developer',2,'Reuben.Bolden@BuzzwordSolutions.com',3),(873,874,'Steffen','Barhims','Sales Agent',1,'Steffen.Barhims@BuzzwordSolutions.com',2),(874,875,'Fletch','Romera','Developer',2,'Fletch.Romera@BuzzwordSolutions.com',2),(875,876,'Johnathan','Woolaston','Sales Agent',1,'Johnathan.Woolaston@BuzzwordSolutions.com',2),(876,877,'Winny','Easlea','Sales Agent',1,'Winny.Easlea@BuzzwordSolutions.com',2),(877,878,'Mohandis','Veighey','Developer',2,'Mohandis.Veighey@BuzzwordSolutions.com',4),(878,879,'Hettie','Pether','Developer',2,'Hettie.Pether@BuzzwordSolutions.com',3),(879,880,'Vanessa','Saull','Developer',2,'Vanessa.Saull@BuzzwordSolutions.com',1),(880,881,'Chandra','Bezzant','Sales Agent',1,'Chandra.Bezzant@BuzzwordSolutions.com',2),(881,882,'Felisha','Dews','Developer',2,'Felisha.Dews@BuzzwordSolutions.com',1),(882,883,'Dud','Laurent','Developer',2,'Dud.Laurent@BuzzwordSolutions.com',1),(883,884,'Rubetta','Locker','Sales Agent',1,'Rubetta.Locker@BuzzwordSolutions.com',4),(884,885,'Iain','Daniellot','Developer',2,'Iain.Daniellot@BuzzwordSolutions.com',4),(885,886,'Anna','Spur','Developer',2,'Anna.Spur@BuzzwordSolutions.com',1),(886,887,'Benedick','Seeger','Sales Agent',1,'Benedick.Seeger@BuzzwordSolutions.com',3),(887,888,'Sandye','Escolme','Developer',2,'Sandye.Escolme@BuzzwordSolutions.com',2),(888,889,'Lydie','Tynan','Developer',2,'Lydie.Tynan@BuzzwordSolutions.com',2),(889,890,'Christiano','Pitrelli','Developer',2,'Christiano.Pitrelli@BuzzwordSolutions.com',2),(890,891,'Dew','Sharer','Developer',2,'Dew.Sharer@BuzzwordSolutions.com',5),(891,892,'Tildy','Ducker','Sales Agent',1,'Tildy.Ducker@BuzzwordSolutions.com',1),(892,893,'Malena','McVittie','Developer',2,'Malena.McVittie@BuzzwordSolutions.com',1),(893,894,'Renaldo','Rome','Developer',2,'Renaldo.Rome@BuzzwordSolutions.com',5),(894,895,'Kippie','Rockwill','Developer',2,'Kippie.Rockwill@BuzzwordSolutions.com',1),(895,896,'Abbe','Dorricott','Developer',2,'Abbe.Dorricott@BuzzwordSolutions.com',2),(896,897,'Daron','Fitzharris','Developer',2,'Daron.Fitzharris@BuzzwordSolutions.com',4),(897,898,'Lowell','Tinghill','Sales Agent',1,'Lowell.Tinghill@BuzzwordSolutions.com',2),(898,899,'Vern','Currer','Sales Agent',1,'Vern.Currer@BuzzwordSolutions.com',2),(899,900,'Natale','Jahnisch','Sales Agent',1,'Natale.Jahnisch@BuzzwordSolutions.com',2),(900,901,'Jimmy','Holywell','Developer',2,'Jimmy.Holywell@BuzzwordSolutions.com',2),(901,902,'Joseph','Oleshunin','Sales Agent',1,'Joseph.Oleshunin@BuzzwordSolutions.com',3),(902,903,'Ina','Frosch','Sales Agent',1,'Ina.Frosch@BuzzwordSolutions.com',4),(903,904,'Elvin','Janzen','Sales Agent',1,'Elvin.Janzen@BuzzwordSolutions.com',2),(904,905,'Jim','Emmanueli','Developer',2,'Jim.Emmanueli@BuzzwordSolutions.com',1),(905,906,'Carine','Beel','Developer',2,'Carine.Beel@BuzzwordSolutions.com',2),(906,907,'Garret','Kyme','Sales Agent',1,'Garret.Kyme@BuzzwordSolutions.com',5),(907,908,'Thain','Avramchik','Developer',2,'Thain.Avramchik@BuzzwordSolutions.com',3),(908,909,'Kendricks','O\'Roan','Sales Agent',1,'Kendricks.O\'Roan@BuzzwordSolutions.com',4),(909,910,'Antonina','Britten','Developer',2,'Antonina.Britten@BuzzwordSolutions.com',1),(910,911,'Katusha','Deware','Developer',2,'Katusha.Deware@BuzzwordSolutions.com',2),(911,912,'Paddy','Paolucci','Sales Agent',1,'Paddy.Paolucci@BuzzwordSolutions.com',2),(912,913,'Nessa','Dunniom','Sales Agent',1,'Nessa.Dunniom@BuzzwordSolutions.com',2),(913,914,'Fiorenze','Heavyside','Developer',2,'Fiorenze.Heavyside@BuzzwordSolutions.com',3),(914,915,'Torre','Critzen','Developer',2,'Torre.Critzen@BuzzwordSolutions.com',2),(915,916,'Cord','Whitmore','Developer',2,'Cord.Whitmore@BuzzwordSolutions.com',1),(916,917,'Gherardo','Victoria','Sales Agent',1,'Gherardo.Victoria@BuzzwordSolutions.com',2),(917,918,'Herc','Dowe','Developer',2,'Herc.Dowe@BuzzwordSolutions.com',2),(918,919,'Jeanne','Girardeau','Developer',2,'Jeanne.Girardeau@BuzzwordSolutions.com',3),(919,920,'Erich','Safe','Developer',2,'Erich.Safe@BuzzwordSolutions.com',1),(920,921,'Mark','Denziloe','Developer',2,'Mark.Denziloe@BuzzwordSolutions.com',2),(921,922,'Franky','Barrand','Developer',2,'Franky.Barrand@BuzzwordSolutions.com',5),(922,923,'Winni','Edser','Sales Agent',1,'Winni.Edser@BuzzwordSolutions.com',3),(923,924,'Ardath','Creasey','Developer',2,'Ardath.Creasey@BuzzwordSolutions.com',3),(924,925,'Dalt','Beavan','Developer',2,'Dalt.Beavan@BuzzwordSolutions.com',2),(925,926,'Brian','Menaul','Sales Agent',1,'Brian.Menaul@BuzzwordSolutions.com',3),(926,927,'Jandy','Harrhy','Developer',2,'Jandy.Harrhy@BuzzwordSolutions.com',5),(927,928,'Jimmie','Filipchikov','Developer',2,'Jimmie.Filipchikov@BuzzwordSolutions.com',3),(928,929,'Gussi','Gargett','Sales Agent',1,'Gussi.Gargett@BuzzwordSolutions.com',2),(929,930,'Estell','Wheelton','Developer',2,'Estell.Wheelton@BuzzwordSolutions.com',2),(930,931,'Blanche','Wisniowski','Developer',2,'Blanche.Wisniowski@BuzzwordSolutions.com',2),(931,932,'Janice','Ayree','Sales Agent',1,'Janice.Ayree@BuzzwordSolutions.com',1),(932,933,'Julienne','d\'Arcy','Developer',2,'Julienne.d\'Arcy@BuzzwordSolutions.com',2),(933,934,'Farlie','Petasch','Developer',2,'Farlie.Petasch@BuzzwordSolutions.com',2),(934,935,'Brennan','Olenchikov','Sales Agent',1,'Brennan.Olenchikov@BuzzwordSolutions.com',3),(935,936,'Shepperd','Lysaght','Sales Agent',1,'Shepperd.Lysaght@BuzzwordSolutions.com',3),(936,937,'Blinni','Knapman','Developer',2,'Blinni.Knapman@BuzzwordSolutions.com',2),(937,938,'Boonie','Loache','Developer',2,'Boonie.Loache@BuzzwordSolutions.com',1),(938,939,'Frederic','Mees','Developer',2,'Frederic.Mees@BuzzwordSolutions.com',3),(939,940,'Charmain','Currell','Sales Agent',1,'Charmain.Currell@BuzzwordSolutions.com',3),(940,941,'Sutherlan','Keelan','Developer',2,'Sutherlan.Keelan@BuzzwordSolutions.com',2),(941,942,'Win','Sumpner','Developer',2,'Win.Sumpner@BuzzwordSolutions.com',1),(942,943,'Ruben','McMichell','Developer',2,'Ruben.McMichell@BuzzwordSolutions.com',2),(943,944,'Netty','Obin','Sales Agent',1,'Netty.Obin@BuzzwordSolutions.com',3),(944,945,'Amii','Larkings','Developer',2,'Amii.Larkings@BuzzwordSolutions.com',1),(945,946,'Glynn','Downie','Developer',2,'Glynn.Downie@BuzzwordSolutions.com',1),(946,947,'Tami','Pash','Developer',2,'Tami.Pash@BuzzwordSolutions.com',4),(947,948,'Shurlocke','Norcop','Developer',2,'Shurlocke.Norcop@BuzzwordSolutions.com',3),(948,949,'Herbert','Matfield','Developer',2,'Herbert.Matfield@BuzzwordSolutions.com',2),(949,950,'Marjory','Frayling','Sales Agent',1,'Marjory.Frayling@BuzzwordSolutions.com',3),(950,951,'Valera','Doul','Developer',2,'Valera.Doul@BuzzwordSolutions.com',1),(951,952,'Wanda','Huish','Sales Agent',1,'Wanda.Huish@BuzzwordSolutions.com',2),(952,953,'Joyan','Kenna','Developer',2,'Joyan.Kenna@BuzzwordSolutions.com',3),(953,954,'Gigi','Coase','Developer',2,'Gigi.Coase@BuzzwordSolutions.com',2),(954,955,'Tabby','Gateley','Developer',2,'Tabby.Gateley@BuzzwordSolutions.com',2),(955,956,'Adaline','Murfin','Developer',2,'Adaline.Murfin@BuzzwordSolutions.com',1),(956,957,'Darin','Bourley','Sales Agent',1,'Darin.Bourley@BuzzwordSolutions.com',4),(957,958,'Farleigh','Tegler','Developer',2,'Farleigh.Tegler@BuzzwordSolutions.com',3),(958,959,'Angy','Towsey','Developer',2,'Angy.Towsey@BuzzwordSolutions.com',2),(959,960,'Michaeline','Crane','Sales Agent',1,'Michaeline.Crane@BuzzwordSolutions.com',2),(960,961,'Aeriel','Klugel','Developer',2,'Aeriel.Klugel@BuzzwordSolutions.com',5),(961,962,'Ware','Dibner','Sales Agent',1,'Ware.Dibner@BuzzwordSolutions.com',1),(962,963,'Anallese','Keston','Developer',2,'Anallese.Keston@BuzzwordSolutions.com',2),(963,964,'Elysha','Bradman','Developer',2,'Elysha.Bradman@BuzzwordSolutions.com',4),(964,965,'Alix','Woolley','Developer',2,'Alix.Woolley@BuzzwordSolutions.com',2),(965,966,'Quint','Speerman','Developer',2,'Quint.Speerman@BuzzwordSolutions.com',3),(966,967,'Gaspar','Marling','Developer',2,'Gaspar.Marling@BuzzwordSolutions.com',1),(967,968,'Tory','Jorio','Sales Agent',1,'Tory.Jorio@BuzzwordSolutions.com',2),(968,969,'Caryn','Straker','Developer',2,'Caryn.Straker@BuzzwordSolutions.com',2),(969,970,'Shae','Dumingos','Developer',2,'Shae.Dumingos@BuzzwordSolutions.com',1),(970,971,'Breena','Semrad','Developer',2,'Breena.Semrad@BuzzwordSolutions.com',5),(971,972,'Ara','Josipovitz','Developer',2,'Ara.Josipovitz@BuzzwordSolutions.com',3),(972,973,'Kora','Richie','Manager',1,'Kora.Richie@BuzzwordSolutions.com',2),(973,974,'Dory','Verrico','Developer',2,'Dory.Verrico@BuzzwordSolutions.com',2),(974,975,'Ellie','Skillett','Developer',2,'Ellie.Skillett@BuzzwordSolutions.com',2),(975,976,'Donna','Hurworth','Developer',2,'Donna.Hurworth@BuzzwordSolutions.com',2),(976,977,'Corly','Timny','Developer',2,'Corly.Timny@BuzzwordSolutions.com',2),(977,978,'Heidi','Samweyes','Developer',2,'Heidi.Samweyes@BuzzwordSolutions.com',5),(978,979,'Robin','Monnoyer','Developer',2,'Robin.Monnoyer@BuzzwordSolutions.com',3),(979,980,'Chrotoem','Somner','Sales Agent',1,'Chrotoem.Somner@BuzzwordSolutions.com',3),(980,981,'Elisabetta','Clarey','Developer',2,'Elisabetta.Clarey@BuzzwordSolutions.com',2),(981,982,'Caddric','Treadgear','Developer',2,'Caddric.Treadgear@BuzzwordSolutions.com',3),(982,983,'Fania','Fenners','Developer',2,'Fania.Fenners@BuzzwordSolutions.com',2),(983,984,'Vinny','Pendergrast','Sales Agent',1,'Vinny.Pendergrast@BuzzwordSolutions.com',2),(984,985,'Rosco','Chiechio','Developer',2,'Rosco.Chiechio@BuzzwordSolutions.com',1),(985,986,'Marina','Mathouse','Sales Agent',1,'Marina.Mathouse@BuzzwordSolutions.com',2),(986,987,'Trixy','Habbin','Developer',2,'Trixy.Habbin@BuzzwordSolutions.com',2),(987,988,'Travis','Rushforth','Sales Agent',1,'Travis.Rushforth@BuzzwordSolutions.com',2),(988,989,'Eloisa','Miskimmon','Developer',2,'Eloisa.Miskimmon@BuzzwordSolutions.com',2),(989,990,'Tim','Casado','Sales Agent',1,'Tim.Casado@BuzzwordSolutions.com',1),(990,991,'Donn','Macer','Developer',2,'Donn.Macer@BuzzwordSolutions.com',2),(991,992,'Zondra','Lukehurst','Developer',2,'Zondra.Lukehurst@BuzzwordSolutions.com',2),(992,993,'Chariot','Meeks','Sales Agent',1,'Chariot.Meeks@BuzzwordSolutions.com',1),(993,994,'Aila','Scandwright','Sales Agent',1,'Aila.Scandwright@BuzzwordSolutions.com',5),(994,995,'Tudor','Scottini','Developer',2,'Tudor.Scottini@BuzzwordSolutions.com',3),(995,996,'Jakie','Assiratti','Developer',2,'Jakie.Assiratti@BuzzwordSolutions.com',3),(996,997,'Jehanna','Marryatt','Sales Agent',1,'Jehanna.Marryatt@BuzzwordSolutions.com',3),(997,998,'Lennard','Whittlesey','Sales Agent',1,'Lennard.Whittlesey@BuzzwordSolutions.com',2),(998,999,'Karina','Broughton','Sales Agent',1,'Karina.Broughton@BuzzwordSolutions.com',1),(999,1000,'Zilvia','Hoogendorp','Developer',2,'Zilvia.Hoogendorp@BuzzwordSolutions.com',2),(1000,1001,'Yoko','Espinazo','Developer',2,'Yoko.Espinazo@BuzzwordSolutions.com',2),(1003,1004,'Lebron','James','Sales Agent',1,'LebronJames@Ball.com',1),(1004,1005,'Mister','Frontend','4',4,'MFrontend@buzzword.com',1),(1005,1007,'Tony','Hawk','Developer',2,'THawk@buzzword.com',1),(1006,1008,'New','Guy','Manager',4,'NGuy@buzzword.com',1);
/*!40000 ALTER TABLE `Employee` ENABLE KEYS */;
UNLOCK TABLES;

--
-- Table structure for table `Locations`
--

DROP TABLE IF EXISTS `Locations`;
/*!40101 SET @saved_cs_client     = @@character_set_client */;
/*!50503 SET character_set_client = utf8mb4 */;
CREATE TABLE `Locations` (
  `id` int NOT NULL,
  `phone` varchar(50) DEFAULT NULL,
  `street` varchar(250) DEFAULT NULL,
  `country` varchar(50) NOT NULL,
  `city` varchar(50) NOT NULL,
  PRIMARY KEY (`id`)
) ENGINE=InnoDB DEFAULT CHARSET=utf8mb4 COLLATE=utf8mb4_0900_ai_ci;
/*!40101 SET character_set_client = @saved_cs_client */;

--
-- Dumping data for table `Locations`
--

LOCK TABLES `Locations` WRITE;
/*!40000 ALTER TABLE `Locations` DISABLE KEYS */;
INSERT INTO `Locations` VALUES (1,'+81 664 654 5882','384-1106, Yahara, Nerima-ku','Japan','Tokyo'),(2,'+55 886 863 6908','Rua Atalaia 752','Brazil','So Paulo'),(3,'+1 334 275 3541','3607 Fawn Valley Dr','United States','Dallas'),(4,'+27 591 268 2006','14, Jan Frederik Avenue','South Africa','Johnannesburg'),(5,'+49 531 687 9657','63, Rmerweg','Germany','Berlin');
/*!40000 ALTER TABLE `Locations` ENABLE KEYS */;
UNLOCK TABLES;

--
-- Table structure for table `Login`
--

DROP TABLE IF EXISTS `Login`;
/*!40101 SET @saved_cs_client     = @@character_set_client */;
/*!50503 SET character_set_client = utf8mb4 */;
CREATE TABLE `Login` (
  `loginID` int NOT NULL AUTO_INCREMENT,
  `userID` int NOT NULL,
  `passwordHash` varchar(255) NOT NULL,
  PRIMARY KEY (`loginID`),
  UNIQUE KEY `userID` (`userID`),
  CONSTRAINT `Login_ibfk_1` FOREIGN KEY (`userID`) REFERENCES `Users` (`userID`)
) ENGINE=InnoDB AUTO_INCREMENT=7 DEFAULT CHARSET=utf8mb4 COLLATE=utf8mb4_0900_ai_ci;
/*!40101 SET character_set_client = @saved_cs_client */;

--
-- Dumping data for table `Login`
--

LOCK TABLES `Login` WRITE;
/*!40000 ALTER TABLE `Login` DISABLE KEYS */;
INSERT INTO `Login` VALUES (3,1004,'$2a$10$tnKZNfTplEMLsjHVw6AYc.Ci3dJJgKRYuYrkjg5fqXMBuM8pPK43W'),(4,1005,'$2a$10$emvb.vl/g4VG7z8/YQvFzO94E2pXiuri7Cm9UAt./wszMMyskNXwq'),(5,1007,'$2a$10$NfT/9vg9nAo6hF..qbRf5OSOKWt18MaIYJOeneLMP8uWfYyQh/162'),(6,1008,'$2a$10$iocg8QX90X58jmtIT0jo1uoGwZd6RE6MbcdHN.CkmotKih34tmDZW');
/*!40000 ALTER TABLE `Login` ENABLE KEYS */;
UNLOCK TABLES;

--
-- Table structure for table `Users`
--

DROP TABLE IF EXISTS `Users`;
/*!40101 SET @saved_cs_client     = @@character_set_client */;
/*!50503 SET character_set_client = utf8mb4 */;
CREATE TABLE `Users` (
  `userID` int NOT NULL AUTO_INCREMENT,
  `userName` varchar(50) NOT NULL,
  PRIMARY KEY (`userID`),
  UNIQUE KEY `userName` (`userName`)
) ENGINE=InnoDB AUTO_INCREMENT=1009 DEFAULT CHARSET=utf8mb4 COLLATE=utf8mb4_0900_ai_ci;
/*!40101 SET character_set_client = @saved_cs_client */;

--
-- Dumping data for table `Users`
--

LOCK TABLES `Users` WRITE;
/*!40000 ALTER TABLE `Users` DISABLE KEYS */;
INSERT INTO `Users` VALUES (670,'Aarika.Crimes'),(129,'Aarika.Hayman'),(896,'Abbe.Dorricott'),(270,'Abbot.Oolahan'),(729,'Abigael.Rishworth'),(511,'Adah.Spriggin'),(956,'Adaline.Murfin'),(208,'Adela.Goodricke'),(289,'Adelbert.Dannohl'),(210,'Adoree.Van Driel'),(961,'Aeriel.Klugel'),(337,'Ag.Turneux'),(336,'Agace.Fabry'),(254,'Agnella.Camillo'),(662,'Agnella.MacNamee'),(16,'Agnola.Arran'),(47,'Agustin.Gilmour'),(533,'Ahmad.Dudding'),(994,'Aila.Scandwright'),(623,'Aleda.Attard'),(455,'Alejandra.Rainforth'),(633,'Alena.Bengtson'),(406,'Alexander.Macquire'),(283,'Alexandra.Gethins'),(93,'Alexandra.Haslegrave'),(650,'Alfie.Cottem'),(251,'Algernon.Affuso'),(166,'Alix.Francescuzzi'),(965,'Alix.Woolley'),(420,'Alix.Wordesworth'),(341,'Allie.Currey'),(830,'Allina.Himpson'),(402,'Allissa.Lubman'),(703,'Allissa.Tindley'),(475,'Ally.Leatt'),(203,'Alma.McCosker'),(349,'Alta.Ewington'),(26,'Alwin.Blasio'),(263,'Alyce.Law'),(592,'Ambrosius.Vieyra'),(204,'Ami.Parmley'),(414,'Ami.Warmisham'),(945,'Amii.Larkings'),(273,'Amitie.Vanichkov'),(963,'Anallese.Keston'),(732,'Andee.Fronks'),(802,'Anders.Emmerson'),(46,'Andra.Waine'),(139,'Andra.Whorf'),(862,'Andriana.Elcoate'),(610,'Angelique.Lehemann'),(959,'Angy.Towsey'),(111,'Ann.Labbet'),(886,'Anna.Spur'),(354,'Annadiana.Pickin'),(441,'Annadiane.Franciottoi'),(642,'Annecorinne.Sircomb'),(849,'Annmaria.Prazor'),(168,'Antonie.Swansbury'),(910,'Antonina.Britten'),(379,'Anya.Goodisson'),(972,'Ara.Josipovitz'),(807,'Arabella.Crockford'),(586,'Archibaldo.Neissen'),(766,'Archy.Alenin'),(924,'Ardath.Creasey'),(5,'Ardys.Picton'),(282,'Aristotle.Erb'),(249,'Arleen.Gent'),(855,'Arlette.Dorian'),(734,'Arluene.Pering'),(635,'Arlyn.Locksley'),(128,'Arlyn.Pantlin'),(505,'Arman.Kroon'),(395,'Ash.Kells'),(774,'Ashby.Corrado'),(155,'Ashley.Kneath'),(842,'Atlante.Mothersole'),(157,'Auberon.Wint'),(696,'Aubree.Gamell'),(705,'Audrie.Crosskill'),(190,'Audrie.Huard'),(582,'August.Mangenot'),(106,'Auguste.Aldcorn'),(578,'Auguste.Tweed'),(465,'Augustine.Carcass'),(105,'Aveline.Studdert'),(413,'Barbabra.Miebes'),(375,'Barbi.Hadaway'),(667,'Barnabas.Blackborne'),(434,'Barnebas.Arangy'),(664,'Barthel.Gummoe'),(9,'Basil.Stennings'),(868,'Bathsheba.Arderne'),(753,'Beatriz.Broadstock'),(704,'Becca.Armatidge'),(71,'Becki.Bockett'),(552,'Becky.Pitkeathley'),(242,'Bellanca.Wardhaw'),(713,'Benedetta.Budgeon'),(887,'Benedick.Seeger'),(433,'Benita.Balogh'),(82,'Bennie.Morkham'),(436,'Berkeley.Hopkynson'),(334,'Berri.Giovani'),(553,'Berry.Scemp'),(517,'Berti.Ferbrache'),(806,'Bertie.Prayer'),(691,'Beryle.Ferrarese'),(687,'Bess.Colgan'),(477,'Bessie.Kield'),(763,'Betti.Rockingham'),(345,'Bettine.Skamell'),(361,'Bev.Greatbanks'),(555,'Bevon.Waker'),(207,'Bibbie.Rothschild'),(537,'Blakeley.McDuall'),(931,'Blanche.Wisniowski'),(937,'Blinni.Knapman'),(318,'Bobby.Crocker'),(371,'Bobine.Daborne'),(760,'Boigie.Stripling'),(614,'Bondy.O\'Neil'),(698,'Bonnee.Elphinstone'),(938,'Boonie.Loache'),(236,'Boris.McInnerny'),(266,'Boris.Stanhope'),(480,'Boyce.Cayley'),(6,'Brand.Napolitano'),(535,'Brandyn.Humes'),(971,'Breena.Semrad'),(694,'Brendis.Moogan'),(935,'Brennan.Olenchikov'),(381,'Brett.Reeman'),(470,'Brett.Wollacott'),(926,'Brian.Menaul'),(11,'Briana.Pitceathly'),(492,'Briant.Beveredge'),(430,'Brien.Luckham'),(164,'Briggs.Szymonwicz'),(117,'Brigitta.Dinsale'),(134,'Brinna.Tyrwhitt'),(809,'Britt.Rubinovitch'),(130,'Brocky.Meegan'),(459,'Brodie.Laskey'),(601,'Bronnie.Hembrow'),(772,'Brooks.Bambrick'),(677,'Brose.Elmhurst'),(736,'Brose.Stanlock'),(474,'Bryanty.Danslow'),(782,'Bryanty.Jackes'),(314,'Bucky.Thaxter'),(643,'Budd.Capponer'),(49,'Burg.Ghidelli'),(209,'Burt.Tuxill'),(462,'Burton.Steadman'),(494,'Butch.Hentzer'),(741,'Byram.McSorley'),(982,'Caddric.Treadgear'),(596,'Caesar.Kelmere'),(21,'Camile.Macklam'),(338,'Cammie.Keelinge'),(432,'Candide.Dwane'),(274,'Carena.McReidy'),(906,'Carine.Beel'),(107,'Carlin.MacDermott'),(869,'Carmon.Tomovic'),(194,'Carolyn.Matignon'),(202,'Carolyne.Rottcher'),(743,'Carrie.Conti'),(278,'Carrissa.Polhill'),(352,'Carroll.Fahrenbacher'),(28,'Cary.Helbeck'),(969,'Caryn.Straker'),(576,'Casie.Berr'),(127,'Caterina.Keightley'),(632,'Catharina.Vayne'),(624,'Catherine.Deeble'),(640,'Catlaina.Henker'),(397,'Catlin.Alder'),(311,'Cayla.Driuzzi'),(478,'Cayla.Fetteplace'),(176,'Ceil.Lampe'),(649,'Ceil.McColgan'),(761,'Celeste.Mealiffe'),(828,'Celeste.Woodland'),(748,'Celestine.Farlambe'),(881,'Chandra.Bezzant'),(993,'Chariot.Meeks'),(658,'Charisse.Bowskill'),(335,'Charleen.Rops'),(777,'Charlene.Taunton.'),(594,'Charles.Barhams'),(940,'Charmain.Currell'),(655,'Chas.Mochar'),(294,'Cherise.Cuthill'),(647,'Cherlyn.Makey'),(781,'Chev.Dabels'),(686,'Chiarra.Pervoe'),(184,'Chicky.Karpov'),(797,'Chico.Thornton-Dewhirst'),(512,'Chris.Nuttall'),(498,'Chris.Troyes'),(95,'Christean.Dotson'),(890,'Christiano.Pitrelli'),(980,'Chrotoem.Somner'),(40,'Cindelyn.Shurey'),(110,'Cindie.Gourdon'),(644,'Clary.Del Dello'),(308,'Claudian.Tomankiewicz'),(445,'Clay.Klimushev'),(631,'Clay.McNea'),(860,'Clayson.Angeli'),(324,'Clayton.Conry'),(571,'Clem.Pebworth'),(89,'Clemmie.Moorerud'),(676,'Cliff.Morit'),(618,'Clifford.Keohane'),(31,'Clovis.Molineaux'),(73,'Cody.Fenny'),(754,'Colan.Arnaut'),(280,'Conn.Tilney'),(453,'Connie.Eplett'),(725,'Conroy.Cornock'),(77,'Consuelo.Merigon'),(326,'Corabel.Cauldwell'),(916,'Cord.Whitmore'),(566,'Cordy.Vallintine'),(362,'Coretta.Mingo'),(682,'Corey.Dri'),(603,'Corey.Tomkies'),(977,'Corly.Timny'),(178,'Cornelle.Garretts'),(167,'Correna.Rumgay'),(515,'Correy.Mougeot'),(827,'Cort.Ockendon'),(837,'Cosimo.Barta'),(235,'Courtney.Judgkins'),(627,'Craggy.Kaye'),(839,'Craig.Shirt'),(293,'Cthrine.Sutherington'),(759,'Cullie.Vaughn'),(559,'Curt.Southan'),(305,'Cy.Bellelli'),(364,'Cymbre.MacGruer'),(415,'Cynde.Rutherforth'),(673,'Daffy.Lorens'),(310,'Dagmar.Cruse'),(641,'Dagmar.Lydon'),(348,'Dallas.Durnin'),(925,'Dalt.Beavan'),(388,'Damaris.Bunkle'),(355,'Dannie.Trevaskiss'),(124,'Dannye.Andrioli'),(271,'Dante.Spinke'),(63,'Darice.Kinch'),(957,'Darin.Bourley'),(897,'Daron.Fitzharris'),(332,'Davidde.Oldacre'),(300,'Davina.Tirrey'),(368,'Davine.Colkett'),(425,'Davon.Perkins'),(138,'Dawna.Papierz'),(565,'Debbie.Benka'),(29,'Deborah.Auten'),(675,'Dede.Stodd'),(527,'Deerdre.Banner'),(493,'Deirdre.Bail'),(617,'Demetre.Cassely'),(102,'Den.Blennerhassett'),(438,'Denny.Errichiello'),(858,'Denver.Scimoni'),(629,'Denys.Burel'),(333,'Des.Caldes'),(597,'Desdemona.Pragnell'),(745,'Desmund.Davidy'),(396,'Devonna.Tick'),(891,'Dew.Sharer'),(343,'Dexter.Greenslade'),(810,'Dian.Seiffert'),(500,'Diana.Presswell'),(350,'Diego.Dunnico'),(135,'Dilan.Pellissier'),(237,'Dillon.Grzelczyk'),(417,'Dimitry.Davey'),(199,'Dirk.Frick'),(708,'Dita.Martinovic'),(557,'Dolph.Mc Dermid'),(991,'Donn.Macer'),(976,'Donna.Hurworth'),(277,'Donnajean.Cathcart'),(299,'Donnajean.Getcliffe'),(823,'Donnamarie.Pellissier'),(312,'Dori.Edgett'),(668,'Dori.Slimon'),(359,'Dorine.Gravet'),(380,'Doro.Pallis'),(510,'Doroteya.Kleinbaum'),(226,'Dorrie.Pitkeathley'),(645,'Dorthy.Kilbee'),(974,'Dory.Verrico'),(360,'Dotti.Spowart'),(37,'Drusie.Knipe'),(883,'Dud.Laurent'),(25,'Dukie.Winckles'),(385,'Duky.Allbones'),(522,'Dulcinea.Brenneke'),(607,'Dwayne.Reary'),(175,'Easter.Braker'),(518,'Eddi.Malster'),(222,'Edi.Gleeson'),(295,'Efren.Yannoni'),(30,'Egon.Morgon'),(712,'Eimile.Handscomb'),(519,'Elbertine.Say'),(276,'Eleonore.MacPeake'),(785,'Elianore.Bagehot'),(981,'Elisabetta.Clarey'),(701,'Eliza.Balma'),(536,'Elizabeth.Roscrigg'),(975,'Ellie.Skillett'),(630,'Ellynn.Beetham'),(464,'Elmore.Boughtwood'),(989,'Eloisa.Miskimmon'),(904,'Elvin.Janzen'),(363,'Elvira.Syce'),(412,'Elvira.Windrass'),(964,'Elysha.Bradman'),(651,'Elysha.Nardi'),(217,'Elysia.Curwen'),(109,'Elysia.Rosenzveig'),(598,'Emmott.Seif'),(272,'Ephrayim.Frankcombe'),(709,'Erasmus.Warratt'),(920,'Erich.Safe'),(857,'Ermina.Wiley'),(126,'Ernst.McEntee'),(847,'Esta.Mainz'),(930,'Estell.Wheelton'),(426,'Ester.Lesmonde'),(188,'Estevan.Gaspero'),(549,'Estrella.O\'Spillane'),(803,'Estrellita.Foulsham'),(149,'Eunice.Trayhorn'),(786,'Eveleen.Geillier'),(490,'Evelina.Vashchenko'),(612,'Evonne.Dooney'),(238,'Fallon.Perrygo'),(983,'Fania.Fenners'),(789,'Fanya.Stonard'),(482,'Farica.Cressey'),(958,'Farleigh.Tegler'),(934,'Farlie.Petasch'),(15,'Farr.Savage'),(514,'Farrel.Barstock'),(710,'Farrell.Elwill'),(661,'Faulkner.Labrum'),(832,'Faunie.Espada'),(699,'Fax.Litzmann'),(446,'Felic.Grzegorecki'),(882,'Felisha.Dews'),(79,'Felix.Snaddin'),(262,'Ferdinand.Woffinden'),(726,'Fernande.Lafford'),(672,'Fidole.McAreavey'),(443,'Filbert.Quimby'),(581,'Fiorenze.Alberts'),(914,'Fiorenze.Heavyside'),(170,'Fitzgerald.Ionesco'),(875,'Fletch.Romera'),(378,'Flint.Niezen'),(752,'Flor.Daverin'),(865,'Flori.Ruler'),(764,'Floris.Talton'),(114,'Florry.Caulkett'),(123,'Flory.Horley'),(814,'Flory.Kennifeck'),(838,'Fonz.Londors'),(419,'Foster.Regi'),(859,'Francene.Whitmarsh'),(922,'Franky.Barrand'),(261,'Franky.McDermott-Row'),(794,'Frasier.Waltering'),(404,'Frayda.Dosedale'),(721,'Frazier.Morican'),(939,'Frederic.Mees'),(872,'Frederica.Caghan'),(540,'Fulton.McConigal'),(626,'Gabe.Iacopo'),(247,'Gabriel.Donhardt'),(771,'Gabriella.Thaxton'),(58,'Gabrielle.Wix'),(539,'Gaby.Callaghan'),(834,'Gaile.Menego'),(59,'Gaile.Scholar'),(484,'Gallard.Iacovucci'),(472,'Gardener.Benzing'),(101,'Garnette.Beecheno'),(907,'Garret.Kyme'),(967,'Gaspar.Marling'),(401,'Gavra.Lewington'),(399,'George.Ovill'),(384,'George.Ropking'),(125,'George.Snyder'),(309,'Georgeanna.Czadla'),(173,'Gerianne.Powter'),(440,'Germain.Pile'),(328,'Gerrie.Blankman'),(154,'Gerrie.Findlay'),(791,'Gerry.Mertel'),(325,'Gertrudis.Lovejoy'),(917,'Gherardo.Victoria'),(88,'Gifford.Orgee'),(954,'Gigi.Coase'),(223,'Gilbertina.Godon'),(529,'Giselbert.Icke'),(351,'Giulio.Presdee'),(591,'Gizela.Lewendon'),(575,'Gleda.Denington'),(481,'Gloria.Spadaro'),(946,'Glynn.Downie'),(257,'Godfrey.Gaskell'),(476,'Grantley.Yurikov'),(216,'Gratia.Gurnee'),(579,'Grenville.Cummungs'),(866,'Grethel.McBeith'),(258,'Gretta.Peart'),(504,'Griff.Petroselli'),(292,'Guss.Gelsthorpe'),(929,'Gussi.Gargett'),(637,'Gusti.Firpo'),(460,'Haleigh.Neilson'),(573,'Haleigh.Noice'),(423,'Halie.Fairtlough'),(165,'Hallie.Back'),(567,'Hamel.Landy'),(189,'Hamlin.Ivie'),(870,'Hammad.Haldenby'),(427,'Hana.Ivermee'),(421,'Hanny.Craven'),(730,'Hardy.Robuchon'),(10,'Harlene.Casaccia'),(702,'Harlin.Connichie'),(172,'Harmonie.Doncom'),(243,'Harold.Thraves'),(197,'Harri.Focke'),(722,'Harrietta.Pettecrew'),(162,'Harv.Mart'),(227,'Hasheem.Widdop'),(120,'Haywood.Wareham'),(742,'Heida.Ratke'),(978,'Heidi.Samweyes'),(697,'Helaine.Shropsheir'),(706,'Helen-elizabeth.Trowle'),(560,'Heloise.Haddleton'),(949,'Herbert.Matfield'),(918,'Herc.Dowe'),(457,'Hermie.Evenett'),(229,'Hermione.Harle'),(718,'Herve.Lamont'),(879,'Hettie.Pether'),(331,'Hi.Whybrow'),(448,'Hildagard.Gasticke'),(132,'Honey.Clutram'),(787,'Hortensia.Nan Carrow'),(545,'Hubert.Looney'),(279,'Hubie.Lenard'),(357,'Hulda.Roelofsen'),(174,'Humfried.Hundy'),(735,'Hy.Westfalen'),(192,'Hyacinthia.Napoleone'),(758,'Hymie.Mannooch'),(885,'Iain.Daniellot'),(268,'Iain.Stoyles'),(383,'Ibbie.Ludron'),(714,'Ibby.Sogg'),(200,'Idelle.Irvin'),(523,'Ilario.Bewshea'),(903,'Ina.Frosch'),(118,'Inesita.Branigan'),(488,'Ingeberg.Annes'),(140,'Iormina.Pinilla'),(80,'Iosep.Wheater'),(193,'Isabella.Duffield'),(532,'Isador.Gymlett'),(317,'Ivar.Aronowitz'),(548,'Ivar.Streatfield'),(103,'Jackquelin.Lackeye'),(206,'Jacky.Francis'),(585,'Jaime.Bates'),(996,'Jakie.Assiratti'),(800,'Jamie.Hinks'),(927,'Jandy.Harrhy'),(131,'Jane.Bichard'),(602,'Janene.Camelli'),(932,'Janice.Ayree'),(298,'Janith.Farrah'),(90,'Janos.Grewcock'),(447,'Jany.Danilyuk'),(846,'Jarib.Riggulsford'),(561,'Jasen.Allicock'),(816,'Jasen.Skellen'),(653,'Jaymie.Dhillon'),(408,'Jdavie.Reburn'),(67,'Jeana.Kilbey'),(852,'Jeane.Cadle'),(715,'Jeanine.Yeulet'),(919,'Jeanne.Girardeau'),(997,'Jehanna.Marryatt'),(513,'Jenifer.Kipping'),(353,'Jenine.Dolbey'),(489,'Jerrie.Hankard'),(796,'Jerrylee.Brushneen'),(905,'Jim.Emmanueli'),(928,'Jimmie.Filipchikov'),(501,'Jimmie.MacDwyer'),(901,'Jimmy.Holywell'),(116,'Jinny.Muddiman'),(487,'Jo.Leggis'),(55,'Jo.Simmance'),(615,'Joane.Ruffli'),(218,'Jocko.Labadini'),(301,'Jody.Sibbons'),(746,'Joe.Bahls'),(54,'Joeann.Gingel'),(407,'Joelly.Howse'),(169,'John.Josskovitz'),(252,'Johna.Baptie'),(458,'Johnathan.Scullard'),(876,'Johnathan.Woolaston'),(659,'Joleen.Fishbie'),(245,'Jordan.Baudassi'),(382,'Jordan.Sandcraft'),(57,'Jose.Mulvy'),(534,'Josefina.Ricciardiello'),(234,'Joseph.Casella'),(902,'Joseph.Oleshunin'),(953,'Joyan.Kenna'),(716,'Julie.Washtell'),(933,'Julienne.d\'Arcy'),(304,'Julio.Skittreal'),(287,'Junia.Rubenczyk'),(394,'Junina.Maile'),(587,'Justinian.Leadstone'),(605,'Justinian.Wyrill'),(181,'Justino.Raithmill'),(757,'Kacey.Zimek'),(416,'Kailey.Mouatt'),(87,'Karena.Murison'),(999,'Karina.Broughton'),(724,'Karlen.Boyton'),(136,'Karol.Dunning'),(822,'Karrah.Czadla'),(43,'Karyn.Higgan'),(2,'Kasper.Gasnell'),(468,'Kathleen.Gheorghescu'),(66,'Kathleen.Murrey'),(829,'Katina.Alishoner'),(693,'Katleen.Hatherley'),(911,'Katusha.Deware'),(68,'Kearney.Marson'),(769,'Keelby.Iuorio'),(528,'Keeley.Fernie'),(186,'Kellen.Garrity'),(24,'Ken.Cregin'),(909,'Kendricks.O\'Roan'),(3,'Kennan.Duckworth'),(604,'Kennan.Matijevic'),(275,'Kent.Lamlin'),(563,'Kerrin.Dikelin'),(161,'Keslie.Rosina'),(422,'Kimbra.MacLaverty'),(456,'Kip.Kigelman'),(599,'Kipp.Icom'),(895,'Kippie.Rockwill'),(358,'Kirsteni.Cloughton'),(92,'Kissee.Mulqueeny'),(700,'Klarika.Oxley'),(306,'Klemens.Lonie'),(973,'Kora.Richie'),(679,'Kordula.Buard'),(152,'Krishna.Ianno'),(773,'Krissie.McNeillie'),(48,'Kristal.Boyland'),(339,'Kristofer.Morfield'),(145,'Kristoffer.Haddock'),(400,'Kylynn.Alldread'),(224,'Lamond.Pitchford'),(863,'Lani.Manthroppe'),(187,'Lark.Gladbeck'),(509,'Launce.MacLaverty'),(749,'Laura.Matousek'),(4,'Lauren.Chambers'),(17,'Laurianne.Cadd'),(719,'Laurice.Diemer'),(471,'Lauritz.Sponder'),(319,'Lazare.Libermore'),(854,'Leanora.Dewhirst'),(13,'Lee.Ewert'),(609,'Lee.Moughton'),(424,'Leif.Blagden'),(844,'Leigha.Leibold'),(269,'Lena.Gligorijevic'),(998,'Lennard.Whittlesey'),(821,'Leonelle.Cargen'),(112,'Leonerd.Sayle'),(805,'Leonhard.M\'cowis'),(83,'Leonid.Hoyle'),(70,'Leroi.de Lloyd'),(684,'Levey.Portman'),(550,'Levon.Weafer'),(611,'Lexie.Chrisp'),(628,'Lexie.L\' Estrange'),(115,'Lexine.Jacobowicz'),(284,'Lexis.MacKeller'),(122,'Lilas.Sellors'),(495,'Lilias.McCosker'),(51,'Lind.Forder'),(801,'Lindon.Freeberne'),(182,'Lindy.Southwick'),(543,'Lise.Linne'),(739,'Lisle.Hopfner'),(636,'Lizabeth.Tumulty'),(733,'Lizette.Cannam'),(547,'Llywellyn.Dach'),(525,'Lonee.Heintz'),(97,'Lorette.Cawcutt'),(231,'Lori.Kuller'),(133,'Lori.Morecomb'),(792,'Lorianna.Gaudin'),(898,'Lowell.Tinghill'),(473,'Lucais.Eagger'),(845,'Luce.Gregol'),(221,'Lucien.Nuccii'),(833,'Lucille.Rimour'),(159,'Luisa.Manshaw'),(889,'Lydie.Tynan'),(593,'Lynea.Zywicki'),(307,'Lynne.Shallcross'),(589,'Lyon.Sugarman'),(648,'Madelaine.Doeg'),(377,'Madelin.Madelin'),(707,'Madella.Pardi'),(411,'Madelyn.Rubinfajn'),(856,'Magdalene.Ferron'),(516,'Maiga.Claesens'),(506,'Maire.Cammidge'),(893,'Malena.McVittie'),(502,'Malorie.Di Carli'),(542,'Mandel.Worledge'),(674,'Manon.Bater'),(819,'Manon.Winpenny'),(171,'Marci.Speachley'),(39,'Marena.MacCaughey'),(75,'Marga.Nutbeam'),(27,'Margaux.Jerok'),(20,'Margit.Filipczynski'),(233,'Margret.Lothean'),(497,'Margy.MacPike'),(619,'Marigold.McArthur'),(322,'Marijn.Orpin'),(654,'Marillin.Antoniat'),(35,'Marina.Cotes'),(986,'Marina.Mathouse'),(762,'Marisa.Hallworth'),(950,'Marjory.Frayling'),(731,'Mark.D\'Antonio'),(921,'Mark.Denziloe'),(290,'Marlie.Dannehl'),(405,'Marlyn.Campkin'),(390,'Marna.Ossulton'),(329,'Marquita.Ceney'),(449,'Marris.Ridge'),(570,'Martelle.Jostan'),(240,'Maryanna.Skerm'),(720,'Marysa.Eastabrook'),(342,'Mathias.Border'),(657,'Maureene.Flindall'),(195,'Maurise.Beasant'),(56,'Meghann.Pickless'),(538,'Melanie.Manolov'),(788,'Melany.Santry'),(479,'Melita.Dulen'),(595,'Melitta.Temlett'),(804,'Mellie.Strongitharm'),(444,'Melonie.Leeman'),(776,'Melosa.Aspital'),(825,'Meridel.Capnerhurst'),(541,'Meridith.Verick'),(398,'Merla.Moulsdale'),(141,'Merrill.Gidley'),(960,'Michaeline.Crane'),(770,'Michail.Rohan'),(622,'Midge.Rawkesby'),(656,'Mignonne.Notman'),(836,'Millisent.Ithell'),(853,'Minne.Tenaunt'),(85,'Minnie.Harborow'),(744,'Mireille.Casero'),(665,'Mirelle.Cowlam'),(255,'Miriam.Every'),(1005,'Mister.Frontend'),(878,'Mohandis.Veighey'),(246,'Mommy.Smitton'),(818,'Monte.Shedden'),(260,'Mordecai.Godart'),(747,'Mordy.Ausiello'),(485,'Morena.Farnill'),(163,'Moritz.Zuan'),(450,'Mozes.Fyfe'),(177,'Muffin.Aulds'),(454,'Muriel.Schohier'),(521,'Murry.Delacote'),(392,'Mychal.Pill'),(42,'Mylo.Philippson'),(775,'Myrilla.Henden'),(142,'Myron.Walworth'),(104,'Myrtia.Aicheson'),(695,'Nadean.Ebanks'),(327,'Nanci.Pummell'),(564,'Nancie.Sifflett'),(864,'Nappie.Librey'),(315,'Nat.Manntschke'),(558,'Nata.Condliffe'),(625,'Nata.Edinborough'),(900,'Natale.Jahnisch'),(316,'Nathanial.Dargie'),(98,'Neall.Lardeux'),(913,'Nessa.Dunniom'),(843,'Nessie.Degoe'),(944,'Netty.Obin'),(1008,'New.Guy'),(711,'Newton.Weekes'),(156,'Niels.McCambrois'),(851,'Nigel.Townby'),(621,'Nikita.Berka'),(1004,'Nikola.Tesla'),(544,'Noach.Haily'),(248,'Nonna.Dossettor'),(91,'Norma.Scotchforth'),(50,'Norris.Maddy'),(320,'Nye.Jancey'),(228,'Oates.Beviss'),(367,'Odella.Eburah'),(751,'Olav.Wennington'),(812,'Olympia.Klosges'),(808,'Oran.Lancley'),(499,'Orsola.Halladey'),(198,'Oswell.Grishukhin'),(606,'Otto.Eager'),(442,'Paco.Riddiford'),(912,'Paddy.Paolucci'),(330,'Padriac.Perrins'),(639,'Paloma.Foort'),(313,'Paola.Di Francesco'),(738,'Paola.Klass'),(562,'Pascale.Sweatland'),(153,'Patrice.Hampe'),(211,'Patrizius.Walkey'),(717,'Pauletta.Pagram'),(831,'Paulie.Alenichicov'),(340,'Paulie.Jursch'),(848,'Pauline.Brader'),(225,'Paulo.Pallas'),(692,'Pauly.McGowing'),(366,'Pembroke.Buxcy'),(813,'Perceval.Caville'),(798,'Perceval.Girdler'),(634,'Percy.Molines'),(671,'Perri.Fernando'),(740,'Peta.MacNeil'),(646,'Peta.Negri'),(376,'Petronella.Swainson'),(572,'Pieter.Hopfer'),(461,'Pietro.Delgardillo'),(150,'Pietro.Harrower'),(285,'Pinchas.Davidsson'),(815,'Poppy.Gianiello'),(790,'Porter.Ducker'),(8,'Prudi.Jaume'),(778,'Quill.Terrell'),(600,'Quincey.Benbough'),(966,'Quint.Speerman'),(291,'Raeann.Beggs'),(86,'Rahel.Well'),(835,'Raimondo.Bartolomieu'),(220,'Raimundo.Burcombe'),(373,'Ralph.Whitlam'),(824,'Ramon.Bewsey'),(486,'Ramonda.Burner'),(551,'Randell.McGilvary'),(151,'Raye.Ballsdon'),(620,'Rayna.Diamant'),(783,'Rayna.Eakin'),(871,'Raynard.Maric'),(214,'Rebecca.Mulderrig'),(323,'Rebecka.Blumson'),(680,'Redd.Fenna'),(213,'Reid.Kinton'),(44,'Remus.Sandal'),(429,'Renado.Jewel'),(765,'Renae.Lingard'),(894,'Renaldo.Rome'),(663,'Renate.Rope'),(23,'Renee.Zecchii'),(723,'Reta.Chelley'),(873,'Reuben.Bolden'),(369,'Reyna.Varey'),(302,'Rhonda.Gillion'),(18,'Riane.Sproson'),(690,'Ricca.Garham'),(34,'Ricky.Bosenworth'),(143,'Riki.Poor'),(728,'Rinaldo.Fairlie'),(669,'Robb.Bettis'),(979,'Robin.Monnoyer'),(370,'Robinett.Blake'),(508,'Roby.Geffen'),(113,'Robyn.Finnes'),(146,'Roch.Caines'),(205,'Rod.Bleackly'),(503,'Roddie.Brislane'),(727,'Roderigo.Barnard'),(321,'Rodger.Poland'),(437,'Rodolphe.Esson'),(507,'Rolf.Rafter'),(244,'Ron.Baser'),(196,'Rosamond.Lorie'),(985,'Rosco.Chiechio'),(588,'Rowe.Hawtrey'),(45,'Roxana.Duffell'),(531,'Roxane.Shallcross'),(76,'Roxanna.Davidge'),(469,'Rozanna.Spir'),(943,'Ruben.McMichell'),(884,'Rubetta.Locker'),(861,'Ruby.MacCole'),(281,'Ruddie.Hansel'),(750,'Rudolph.Nussey'),(356,'Rurik.Grewe'),(660,'Ruthie.Lippard'),(374,'Ryun.Ruggen'),(410,'Sallee.Loxdale'),(613,'Samson.Licas'),(386,'Sancho.Bogaert'),(888,'Sandye.Escolme'),(546,'Sapphira.Cudbertson'),(466,'Sara-ann.Magowan'),(219,'Sarge.Backe'),(53,'Sargent.Wytchard'),(121,'Sawyer.Fontes'),(372,'Schuyler.Woolbrook'),(201,'Seana.Fillgate'),(755,'Selena.Nairne'),(69,'Seline.Dalloway'),(616,'Selle.Sharphurst'),(303,'Selma.Fittall'),(574,'Shae.Cudmore'),(970,'Shae.Dumingos'),(820,'Shalne.Newdick'),(683,'Sharlene.Lammers'),(483,'Shea.Burstow'),(428,'Shepherd.Barfford'),(936,'Shepperd.Lysaght'),(215,'Sher.Basil'),(253,'Sherm.Grayshan'),(180,'Sheryl.Kubelka'),(463,'Shurlock.Grigoroni'),(948,'Shurlocke.Norcop'),(431,'Siffre.Gage'),(496,'Silvie.Tuddall'),(580,'Sissie.Clarkin'),(36,'Slade.Landeg'),(491,'Sloan.Izak'),(365,'Sonja.Tomkin'),(666,'Sophronia.Sparke'),(756,'Spike.Eakins'),(288,'Stacy.Rainey'),(435,'Starr.MacTerlagh'),(874,'Steffen.Barhims'),(185,'Susannah.Thorouggood'),(941,'Sutherlan.Keelan'),(403,'Sutton.Haymes'),(779,'Suzi.Iacoboni'),(259,'Syd.Sarge'),(955,'Tabby.Gateley'),(52,'Taber.Tyson'),(583,'Tamera.Bhatia'),(947,'Tami.Pash'),(393,'Tamqrah.Issett'),(817,'Tasia.Ayliffe'),(389,'Tatum.Dietmar'),(681,'Ted.Dohmann'),(94,'Tedi.Stanaway'),(296,'Tedie.Plimmer'),(12,'Temp.Wilsdon'),(137,'Terencio.Whiteley'),(346,'Terrell.Hawyes'),(84,'Terrence.Paladini'),(841,'Tessi.Knapp'),(344,'Tessie.Verma'),(908,'Thain.Avramchik'),(256,'Thane.Janicek'),(62,'Thatch.Grey'),(520,'Thatch.Hove'),(524,'Thatch.Kiddell'),(160,'Thekla.Toopin'),(14,'Theodora.Furphy'),(439,'Theodora.Standbrook'),(554,'Theodosia.Knowlton'),(74,'Therine.Conlon'),(793,'Thia.Atterley'),(99,'Thornie.Roos'),(183,'Thornton.Lewins'),(144,'Tiff.Selborne'),(892,'Tildy.Ducker'),(990,'Tim.Casado'),(32,'Timothee.Greswell'),(108,'Tina.Vasyutochkin'),(780,'Tobe.Meindl'),(467,'Tobiah.Pymm'),(840,'Toby.Walmsley'),(689,'Todd.Pavlenko'),(1007,'Tony.Hawk'),(239,'Tony.Purveys'),(867,'Torie.Hamshar'),(915,'Torre.Critzen'),(968,'Tory.Jorio'),(60,'Town.Abramamovh'),(41,'Tracey.Hazley'),(241,'Tracie.Markie'),(988,'Travis.Rushforth'),(230,'Trefor.Wands'),(61,'Trenna.Dey'),(418,'Trenton.Tutsell'),(347,'Trev.Axston'),(688,'Trevar.Mackin'),(799,'Trisha.Terzo'),(987,'Trixy.Habbin'),(784,'Trudey.Di Maggio'),(995,'Tudor.Scottini'),(96,'Tull.Weond'),(158,'Tybie.Lashmar'),(19,'Udall.Pickrell'),(451,'Urbano.Rubert'),(768,'Ursa.Fabri'),(652,'Ursa.MacQueen'),(951,'Valera.Doul'),(880,'Vanessa.Saull'),(577,'Vassili.Eassom'),(264,'Vaughn.Try'),(22,'Vaughn.Youings'),(899,'Vern.Currer'),(286,'Verna.Golthorpp'),(7,'Vevay.Petch'),(250,'Vicky.Lumsdon'),(984,'Vinny.Pendergrast'),(100,'Viole.Tarplee'),(526,'Vita.Sibille'),(556,'Vitoria.Combes'),(147,'Vivien.Mercey'),(678,'Vivyanne.Renac'),(391,'Vivyanne.Stuttman'),(212,'Waite.Sisneros'),(850,'Walliw.Patience'),(795,'Wally.Penella'),(952,'Wanda.Huish'),(64,'Wang.Gilgryst'),(962,'Ware.Dibner'),(767,'Webster.McUre'),(265,'Welch.Peschka'),(452,'Wendye.Finey'),(811,'Werner.Chesney'),(119,'Weston.Bursell'),(387,'Wheeler.Philippard'),(78,'Wilbur.Croxley'),(81,'Willabella.Allday'),(530,'Willard.Gockeler'),(191,'William.Cassius'),(568,'Willis.Castilla'),(65,'Willow.Anderton'),(685,'Wilma.Bounde'),(33,'Wilone.Overbury'),(942,'Win.Sumpner'),(923,'Winni.Edser'),(584,'Winnifred.Densell'),(877,'Winny.Easlea'),(179,'Wolfie.Sweed'),(826,'Wyatt.Satterlee'),(737,'Wynn.Le Prevost'),(569,'Wynne.Sidebotton'),(590,'Xever.Ashwin'),(72,'Yalonda.Hurdis'),(232,'Yancy.Trickey'),(638,'Yardley.Dougal'),(1001,'Yoko.Espinazo'),(148,'Yoko.Placidi'),(409,'Yul.Goodsall'),(38,'Zaneta.Fawthrop'),(297,'Zebedee.Keinrat'),(267,'Zia.Phalp'),(1000,'Zilvia.Hoogendorp'),(992,'Zondra.Lukehurst'),(608,'Zsa zsa.Marlon');
/*!40000 ALTER TABLE `Users` ENABLE KEYS */;
UNLOCK TABLES;
SET @@SESSION.SQL_LOG_BIN = @MYSQLDUMP_TEMP_LOG_BIN;
/*!40103 SET TIME_ZONE=@OLD_TIME_ZONE */;

/*!40101 SET SQL_MODE=@OLD_SQL_MODE */;
/*!40014 SET FOREIGN_KEY_CHECKS=@OLD_FOREIGN_KEY_CHECKS */;
/*!40014 SET UNIQUE_CHECKS=@OLD_UNIQUE_CHECKS */;
/*!40101 SET CHARACTER_SET_CLIENT=@OLD_CHARACTER_SET_CLIENT */;
/*!40101 SET CHARACTER_SET_RESULTS=@OLD_CHARACTER_SET_RESULTS */;
/*!40101 SET COLLATION_CONNECTION=@OLD_COLLATION_CONNECTION */;
/*!40111 SET SQL_NOTES=@OLD_SQL_NOTES */;

-- Dump completed on 2025-12-11 16:09:04
